rating,comment
8,这才叫恋爱喜剧啊
6,8.5
6,还是本命番啊，其实第三季更多的是对于辉夜的，内心描写吧，这一部更多的是会长的。同时这一部也引入了一个概念，就是双方的感情开始进入了一个就是他们也想要。谈一场普通人的恋爱，但实际上我个人还是比较喜欢之前文化祭那种终极浪漫的那种感觉，当然这是个人想法了，本命番还是10颗星就这样了。
6,满昏！制作组厨力满满，最喜欢的恋爱番之一
7,已经结束了，完结撒花
8,伟大无需多言
7,怎么说，好看，但有点脱敏
rating,comment
10,8.0
10,不同于押井守执导的剧场版塞满了抽象、隐喻，弱化情节以强化哲思，TV版更加紧凑、悬疑，以事件驱动叙事，在主题方面侧重于社会结构、政治权力与技术伦理，而非像剧场版那样聚焦个体存在主义与意识本质。个人认为两部剧场版其实要比sac更优秀的，但是TV版融合了政治阴谋、社会议题与角色成长，更贴近大众娱乐需求。
10,“套着资本的皮，本质上还是理想的社会主义” 最后的日本独立，难说。 灵魂的ghost也能存在于网络之中吗？还是挺令人期待的。 核独立还是能理解，毕竟现实也一样。 0.01日圆级别的贪税，颇具现实意义。 日本难民问题，就是预言级。  再往下解析，就该进去了。
10,叹为观止.
9,“让阳光透过我的手掌 我的热血鲜红地流淌”，核弹的尘埃落下，化作和平的雪，机械们的灵魂飘向深空，在世界的角落悄悄地洒下自己的星屑；虔诚的骑士挥舞着十字架，两个久别重逢的灵魂手握青苹果，在废墟深处相拥；“你能用义体折千纸鹤吗 ?”——“现在可以了”，但你却再也没有机会亲眼见证。//或许，到最后的最后，「Stand Alone Complex」既无关笑面男的幽灵，也无关个别十一人的陷阱，而是关于在这个冰冷、腐化的赛博地狱，每一个孤立的、匮乏的个体，在苟延残喘中，仍然得以将自己最后的温度，凝聚成这残缺世界的一寸光芒、一缕希望。以冷峻、深邃的政治寓言为外壳，这是一个有血性的故事，亦是关于「Ghost」的赞歌。
10,不如第一季，搞出一个久世英雄来搞个人英雄主义，素子的恋爱脑也使观感直线下滑，但瑕不掩瑜
10,补评分 4.5 依旧宏大的世界观。动画的画面比第一季进步很多。主题和第一季差别很大，涉及更多政治、外交的内容。剧情主线基本理解，但一些细节问题还是没看懂，尤其是结局部分，隐喻比较多。难民问题确实超前，但久世解放人类的方法不敢苟同，有种通过网络改变人类向下流的天性，以此创造美好乌托邦之感。反正主题方面我觉得还是第一季关于stay alone complex的哲学内容更有意思。
10,补标，什么时候有空的时候再看一遍
10,很难想象这是04年的作品，只能用神作来形容
9,神
10,剧情人物5/5 伟大无需多言 主旨3/3 （放在日本动漫里）确实思考了不少东西 音画表现 2/2
9,低配版和平保卫战，第二季则是沿用了第一季的结论，并用现实主义的角度描述了日本的政治争斗，最终得到国家须倾尽一切也要独立自主的结论，所谓“无穷无尽的忧国之路”。做动漫高手如果不看攻壳机动队，那无疑是失败的
9,Ghost与身心、网络与肉体、奴隶国家与消费国家、个人主义与社会集体，不论是哪一个主题的内容都非常令人深刻，好看。
8,神开启一个时代，后生不知道他的功绩。
7,创作思路还是停留在“讲一个有深度的故事”这个茧房里，所以gig和很多佳作的区别也仅仅是剧情更好而已，但它缺乏真正有感染力的剧情，塔奇克马、久世素子线、巴特，有关他们的所谓的感人的桥段都显得有点刻意，欠缺灵性的叙事和深度优先的信条是导致这一结果的根本原因，时好时坏的演出和作画只能说相比一期有进步，无法对作品本身的上限带来实质性的提升
10,政治斗争冷酷严肃，剧情处理密切缝合。不愧是日本科幻的台柱级别，在如今人工智能时代反而愈发显现思想锋芒，给我这个科幻迷看爽了
10,太严肃了所以评分的人数才这么少 全员聪明人的番真越来越难找了，后期的政治斗争第一次看的脑仁疼，结合现实重刷方觉惊为天人 但整体感觉配乐一般，一分扣配乐 可能是本人专业问题，感觉还是第一步更好
10,逆天
10,确实是无愧神作之名，虽然前期的单元回略有瑕疵，但是所谓的神作绝不是毫无缺点的。相对于1，2的故事性更强，后期多方势力盘根交错，局势诡谲莫测，但是对每方势力的描写都细致入微，最难得的还是给了一个值得回味的结尾。虽然一切好像又回到了起点，但同时也是新的开始。
10,神作！
10,绝对值得吹爆的10分！虽然单元剧节奏偶尔慢热，但主线的政治博弈堪称教科书级别——内阁、外资、难民组织多方势力暗流涌动，信息战和心理操控看得人头皮发麻。塔奇克马的意识觉醒简直惊艳，当AI战车唱着歌挡住核弹时，机械的浪漫主义直接封神。  最戳我的还是对现实的预言：难民问题、网络操控、集体无意识，如今看全是神准的赛博启示录。尤其是「个别十一人」事件，把乌合之众的心理拿捏得死死的。虽然配乐没有第一季那么抓耳，但菅野洋子的电子迷幻风配上九课雨中作战的场景，还是帅到起鸡皮疙瘩。  作为二十年前的作品，它讨论的AI伦理和意识本质，在ChatGPT时代反而更显深刻。可能新人会被复杂的政治线劝退，但熬过前10集后简直停不下来。这不是快餐动画，是需要配着弹幕解析食用的硬核科幻盛宴，至今仍是我心中赛博朋克的巅峰。
7,有些比较无聊有些有点意思
8,"神山健治的TV版主要是探究人类近未来社会的问题。社会问题也会由此引发出人性问题，社会问题：政府与企业的合谋（难民事件）；战争经济链（核威慑博弈）。人性的坚守：塔奇克马AI自发牺牲，证明机械也能产生""灵魂""（一种奇幻式的对人性坚守的刻画）；素子始终保持""选择权""（表现在：95电影版中选择与傀儡师融合，放弃人类身份；《无罪》中，即便已脱离人类形态，依旧选择帮助巴特对抗黑暗；笑脸男事件中保护笑脸男并替他保守秘密；个别的十一人中发现政府操纵并利用难民后选择和组织一起与政府对立；SSS中选择独自以＂傀儡师＂的身份帮助9课），即便肉身消失仍坚守正义，这也是她的特质之一：无论自身情况如何，都会坚守正义，对抗不公与腐败。一些成真的预言也很有意思：义体技术 → 脑机接口；电子脑污染 → 社交媒体算法茧房；笑脸男事件 → 维基解密/斯诺登事件。"
9,感谢神山为我们提供了新的思考维度，让处于和平中的我们能够借由他们的体验与经历 参与他们所描绘的世界/带入和思索我们以自己的经历 也许永远不会构想 却无比真实的宏大叙事与人文内容/甚至在不远的将来 这些内容可能回对我们产生启示。sac对我来说就是这样一部具有时代性的作品。
9,私货有点多，但无所谓
10,“そして登壇者が舞台挨拶を締めくくる挨拶をする中、田中は「ここにこうして立っていられるだけで心 から幸せです。『攻殻機動隊』 は『最後の人間』で一旦結末を迎えるのかもしれません。でもどうか忘れないでください。皆さんがネットにアクセスする時、『攻殻機動隊』にアクセスする時、私たちは、私はいつまでも皆さんのそばにいます。どうか忘れないでください!」と、シリ一ズ作品である『イノセンス』の草薙素子のセリフを引用し、熱い涙を流しながら、作品を支えるフアンたちに謝辞を述べ、フアンからの大きな拍手が会場に鳴り響いた。” 谢谢你带给我们的作品，一路走好！
9,具有一定前瞻性。应该会是一部常看常新的片。
10,比第一季更好看了
10,一部无论是从剧情还是人设上都不会让人觉得无聊的作品
10,好累呀看得//ghost会随着肉体改变而改变//模糊的界限，阴谋和阴谋论//创造仇恨连锁，让“消费”（迫害）在语境中合法...和现在网络社会上一些逐渐娱乐化的东西很像呢//高度信息化的时代，仇恨的挑动是否变得更简单——一种思想单极化//结局倒是没有吊书袋，重心变了，但平衡很好//不那么sac的，赤红色与黑灰色交织的攻壳机动队//延续了95对ghost的探讨
9,好看
9,优秀的赛博朋克动漫 但是不对我口味
10,这一季环环相扣的政治戏真心精彩，第二季的主线从格局和连贯度上也胜于第一季，结局前的56集更是高潮迭起，可惜结局虽然演出依旧给力还是感觉略有些机械降神，力度有所欠缺，不过整体来讲，瑕不能掩瑜的百分之一
10,不可多得的好作品。对赛博朋克背景下的社会与哲学思考颇为深入，值得细细品味。
9,补标……什么，我竟然没标这部？看得很早了，对「饱食的我」印象很深，也还记得塔奇克玛 T T
8,9.5/10日本TV动画的巅峰，丝毫不输押井守的两部剧场版，神山可谓弟子不必不如师啊（笑）//比起前一部，gig在科幻设定和现实反讽上尤为大胆，讲谈穿插的政治话题具有前瞻性，同时整体剧情节奏也更加紧凑。“难民危机”“国民冲突”是主线的两大核心要素，是基于不同想象而对现当代矛盾体的阐述，正因为矛盾本身存在于社会意识形态中，从而衍生出以久世和合田为代表的两个极端派别，因此我认为表层是在讲社会革命中的阶级斗争，实则还是离不开探讨ghost与个人肉体的阶级关系。///////二刷，op、ed、插曲都非常好听
10,故事的推进相当缓慢，但终盘的爆发却展现了对政治和历史魔法般的扭曲能力，灵魂与肉体的迷宫所带来极致的眩晕和怀旧。英雄就仿佛是一首诗，一个孤独到无所在场却依然返回家园的形象，思想与理想的碰撞，上层与低处的地形学隐喻，在这个无家可归的世界中找到自己的归宿，以此来填补肉身中那个空虚的无；但当回忆中一句漫不经心的言论、一种神秘象征的再度回归（千纸鹤、青苹果、以及‘I do’），它们揭示了某种令人惊愕的事实——我们存在，而不是不存在。在所有革命行动光焰夺目的生存战略的阴影中，在新世界亚当与夏娃“运命の果実を一绪に食べよう”的诗情画意背后，十字架似乎总是被那些无罪的ghost所承担——即使是作为机器生命体塔奇克马，也在歌声中勇敢地承担了它们的责任，它们甚至真正地经历过“两次死亡”，而本作的时间，也恰好位于“两种死亡”之间。
10,一部完美的动画
10,第二季补完，相比起第一季观感更沉闷压抑但完成度更高，在整体结构和宏观叙事上的把握相当优秀，讲述九课成员过去的支线回尤其喜欢，主线上随着情节的推进各方势力逐个介入，各方矛盾刻画的都相当生动，完成度太高了，尤其后面几集高潮爆发，其多线叙事的优秀真的想让现在业界看看..
10,感觉比第一部更难懂，或许需要多看几次、总之出走半生归来仍是神中神
10,信息量超高的作品（而且几乎全部来自于台词），尽管结尾有些仓促，但是作品主线的节奏紧凑，哲思丰富，并且部分单元回浪漫，政治戏精彩，确实是非常厉害的作品
10,伟大无须多言
9,虽然觉得cjb，也配得上9分
10,“你能用义体折千纸鹤吗？”神山的巅峰，屹立于赛博朋克金字塔之尖的动画寓言。在“难民问题”、“互联网大数据”上具有一定的前瞻性。主线相比第一季更加严肃深沉，SAC的脚本团队以“难民困境”、“党派斗争”为媒介，创作出赛博朋克版“和平保卫战”。菅野洋子的配乐依旧火力全开，《サイバーバード》印象深刻。第二集脚本功力深厚，生动表现出赛博朋克世界下无产阶级的处境，辛辣的讽刺究竟是对自称“左翼人士”的空想家们的批判，还是因上世纪日本左翼运动失败而产生的自嘲呢？二十二集天台对峙的分镜、长对白异常精彩，全季最佳。作为神山健治的“木偶泥塑”，久世英雄过重的“汤姆苏”味算是本片的一点瑕疵。结尾荡气回肠，核弹升空之时，男人背起了十字架，女人拿起了苹果，AI高歌着“我鲜红的血也在流淌着”。我不知道仿生人会不会梦到电子羊，但义体手指确实能折出千纸鹤。“你们一定有GHOST……”
7,感觉个别十一人的剧情没有笑脸男好看 / 故事的最后，又是塔奇克马挺身而出，意难平
9,人往低处流
9,初看不觉有多神 越看越觉得牛逼 单元与主线之间融合恰当 割裂感小 无论是单元还是主线都相当优秀 说是最好的动漫也毫不为过
10,二刷完毕。在作画、配乐硬实力这么高的情况下演绎出精彩非凡的故事，同时还有很多值得深挖的地方，不愧为杰作。
6,结尾有种设定刚刚展开的感觉，多出好多东西可以讲。虽然这部探讨的主题很深刻，但是给我一种没有讲好的感觉，比较令我失望的点是“革命”。(肯定有我没注意到的细节，之后会重新看一遍)（2024.10.17）
10,初中时代看的，距离今日已有十年，仍然是我最喜欢的动画
10,单元回质量稍逊上一季，且主线也没有了笑脸男事件那样的悬疑氛围，取而代之的是沉闷至极的观感。但本季在整体结构与宏观叙事上的把握可谓是惊为天人，随着情节的不断推进，多方势力逐个介入，伏线爆发，最后的翻盘点也与前面单元回剧情呼应，总体剧本非常扎实。此外，小到感人至深却丝毫不拖泥带水的虐恋，大到国与国、国与民、民与民、人与机间的矛盾刻画，其完成度不说日本动画，哪怕是放在整个影视界都相当出彩。
8,补一下评分，常看常新的神作，在政治、哲学、宗教方面都是有深度的刻画，菅野洋子的配乐依旧顶级，i do是真的喜欢，可惜的是近几年乃至以后的动画很难再出现像这样优秀到堪称艺术品作品了。这部相对严肃而且晦涩难懂的作品里，很喜欢塔奇克马们时而带来的轻松氛围，最后真的希望能把他们的ghost找回来啊இ௰இ
9,塔奇克马又牺牲了...GIG比SAC的政治戏多，主线更紧凑，但我更喜欢前作的单元回
10,感官的盛宴，历久弥新的佳作
10,塔吉克马虽为ai但何尝没有goust
9,单元剧平均质量相较上一季稍差，但是瑕不掩瑜，主线实在优秀，配乐、分镜、故事都相当顶级，兼具思想和艺术的作品。唯一不大舒服的地方大概是这一季的主线还是太闷了一些，九课一直被压一头，高潮集中在最后几集，情绪稍微有点缺乏释放
10,剧本很优秀，表达了很多普遍的思想和持久的问题，科幻的一部分魅力就在于此，我们仍能感受到那存在的真实。
9,这个系列是真神
10,人类的未来在网络的海洋中
10,很少用圣人的眼光看一部作品，时代的分界线，绝对的冷门佳作
9,伟大，无需多言！
9,个别单回中的“降智”不少，但主线而言跌宕起伏出人意料，如果看之前能了解一下攻壳的地缘政治格局大概就能更好理解这个故事了。最后合田的新冷战格局计划破灭，难民问题也回到原点，实在是意味深长回味无穷的一作。
10,比起GIG更喜欢SAC，比起神山健治更喜欢鸭子版，虽然不差，但是差点
9,充满了政治思辨的成熟作品，在20年前就对当今现实世界做出了准确预言
9,唯一的缺点就是素子和久世的感情处理得不太好
10,幼稚的政治片，革命不是这种儿戏，bro以为自己是芬兰，还社会主义上了。神山健治水平差鸭子太多了，第一季还好，第二季非要扯上难民问题，一下就露馅，太弱智了。素子莫名其妙的降智，巴特、陀古萨的塑造也和第一部差很远。前半部分8分，后半部分撇脚政治戏码5分，综合6.5分吧，+0.5分给塔奇克马，勉强得7分。
9,没有最后一集连就第一季都不如，但是最后一集拉高了整部番的水准
10,个人认为除了不稳定的作画之外这一作没有任何缺点
9,帕兹和斋藤的个人单元回就是神作，素子的草迷宫也是刷了很多遍了
10,精彩绝伦的政治推演，从个别的十一人到久世英雄，包含了难民问题，国家主权等的一系列讨论与反思，内核足够深刻。
9,S.A.C. 2nd GIG，主线前中期节奏不如SAC，单元回质量爆棚，收尾强劲有力
9,从难民问题到核武危机，再到政治权谋和国家利益博弈。相较于sac诸多的单元回以及意识流哲学的讨论，gig的主线份量更加紧凑和丰满，同时少量的单元回补充了⑨课成员的塑造。虽平均质量不及sac，但仍有不亚于主线的神回。把持着冷峻的氛围下，整部作品的交错叙事所蕴含的信息更加庞大且复杂晦涩。多方势力都有着自己牵扯的立场和目的，揭示政府、社会和阶层之间错综复杂的纠葛与斗争。许多前瞻性预言放到如今依然有着警示和反思作用。当一切回到原点时正如久世所说的一样：水往低处流，其实人也在往低处走。//比较喜欢的章节：ep2.空想懦夫 ep11.素子回忆 ep13.habitat 67 ep15.自由悖论 ep22.顶级文戏 ep25~26.强劲收尾
9,想到的远比见到的更多，将政治权谋、利益冲突、难民危机、人权斗争、秩序维系、生存之理、人性本质、灵魂探究等思考编织在一起，勾勒出了一个深邃而宏大的故事。从矛盾的发展到矛盾的激化到矛盾的爆发以及最后的收尾，故事线一气呵成，循序渐进的同时不断牵引出对人与社会的深度讨论。主线与支线交织发展，相互服务，极大程度上提高了故事的精彩程度，唯有啧啧称赞。
9,攻壳二期又回到了一种鸭片的模式，加入了难民这条强政治色彩的主线，而穿插其中的其余社会问题则进一步展现了押井守一贯的风格，但赛博的色彩就没有那么明显了，在难民这条主线上，受限于时代与日本本身社会的境况不适格原因，并没有处理得足够精彩，但这一主题与今日仍甚嚣尘上的难民问题遥相呼应，足以体现其底色之美。
10,"赛博朋克+哲学, TV版相比剧场版更有人情味, 除去主线将每位角色的身世都介绍的清清楚楚"
10,整体很不错，结尾感觉粗糙了，首相能掌握空军为什么到最后才出现，空军的设定似乎把前面的矛盾推翻了
10,将政治阴谋、利益冲突、人性善恶、核武危机等重要元素编织在一起，完美结合，勾勒出一个完美的故事。自由与和平究竟在何处？这是永恒的发问，永远掷地有声。第一季指出了个体在SA和SAC中徘徊的现象，新时代的人类因此被信息的模因束缚着。那么第二季则是沿用了第一季的结论，并继承了攻壳的现实主义角度，描述了近未来日本的政治争斗，最终得到国家须倾尽一切也要独立自主的结论，所谓“无穷无尽的忧国之路”。Stand alone给我极大的震憾这已经是正在发生的现实，人工智能、经济变革。就算如此完美也不如押井守的攻壳机动队剧场版！
9,如果只让我挑一部动漫是满分作品，我会选攻壳机动队SAC 2nd GIG。丰富的信息量没有废话值得多次观看，讨论的问题的深刻程度哪怕放到50年后也不会过时。虽然并不完全是六边形战士，但是在某些方面它已经做到了无人能及
9,世纪初的神作 跨领域的深度 虽然被诟病与原著风格差异过大 但是也不得不承认是押井守奠定了被广为人知的攻壳风格以及今天的地位高度  士郎正宗笔下的少佐甚是活泼 期待一波
9,很颯草薙素子 使我的怦然心動 ❤️來自瓷器?
9,剩下半分揢置我的疑惑
9,伟大的作品，与其说是科幻不如说是对未来政治形势的思考，对于难民问题，SAC，政治冲突意识形态均有很强的预见性与深思，多线的故事节奏也把控的十分出色，音乐依旧厉害
7,攻壳机动队
9,相比于第一季更加严肃些，对政治的讨论，对社会心理的剖析确实引人深思。一下子从日本扩展到全球，多少有些让人觉得超现实了，但无论如何，作者通过作品想表达的思考确实传达到了。
10,未来还会有这样的动画吗？
9,真的是非常棒的一部神作。
10,Stand alone 给我很大的震撼，深的东西就不讨论太多了，毕竟涉及政治
10,我们的热血鲜红地流淌着，所有人的喧嚣终将被历史挑拣。自由与和平究竟在何处？这是永恒的发问，永远掷地有声。//如果说第一季指出了个体在SA和SAC中徘徊的现象，新时代的人类因此被信息的模因束缚着。那么第二季则是沿用了第一季的结论，并继承了神山攻壳的现实主义角度，正面精到地描述了近未来日本的政治争斗，最终得到国家须倾尽一切也要独立自主的结论，所谓“无穷无尽的忧国之路”，当中苦心实属日本动画界少有。而一众人物的人性，从往事中，从恻隐中，一笔笔地侧写出来，在黑暗中更有一丝理想主义的光辉。//内核远超SAC，但文戏的编排至少在娱乐性上要比SAC差半个档次，尤其前半部分整体的文戏水平和作画水平都有些敷衍（比如陀古萨回中他的表现和本回剧情在全剧中的作用都让我想不明白）。另外对模因等核心设定的讨论，实在无法对社会的描绘和批判相衬，说难听点，其本质便是良心的政治呼告。
7,"动漫作品中最棒的政治戏。单元回在sac系列中一直是块短板，好在这次第二季中几乎没有纯粹的单元回，大多单元回都和主线挂钩，又或是九课主角们的个人回，这季补齐了斋藤和帕兹的个人回，不过仍有部分九课的主心骨没有属于自己的个人回。纯粹的单元回依旧水平偏低，例如堪称灾难的ep10审判回。虽然同样采用半单元半连续的模式，但大多单元回与主线挂钩使得观感不像上季那般割裂。sac系列的主线质量依旧十分过硬，本季从难民问题着手，带出""个别十一人""的sac现象，故事信息量巨大，涉及到的势力多，动机手段复杂，博弈质量顶级。格局和场面比上一季宏大，主线情感文戏方面依旧是由塔奇克马撑起，比起上一季也更为优秀。不过笑脸男中后期充满反转和贯穿故事的伏笔照应，这一点依旧是优于本季。本季合田本来是算无遗策，结果竟没有留后手，没有进一步挣扎和反转，核弹拦截后就败下阵来较为可惜//9.0"
10,一身独立，一国独立。女性总是作者对理想的投射
9,精彩，但是政治浓度过高，更喜欢第一部
9,对第一季的拙劣模仿，久世英雄和素子最后都是小丑
9,深度与故事性的最佳融合，带有反乌托邦色彩的作品
10,每过一段时间人生阅历有所变化都会想起来再看一遍
10,好看
10,属于是常看常新
10,8+变成了彻头彻尾的政治剧，比第一部涉及到更多世界观描述，看的很是头大。单元回比主线有趣，久世的塑造很失败，前面花大量笔墨从侧面烘托其具有的领导魅力以至于可以称得上魔力，然而展现给观众的却没有那么出彩（难民自爆拦机事件）。最后剧情有些狗血，事件远没结束，有些怅然若失。//有待二刷
10,相较于第二部，更喜欢第一部，第二部叙事结构挺传统，线性展开，穿插个人回，主题也没1那么有新鲜感
7,这是二刺猿的浪漫哲思情怀
10,2024/7/4
10,伟大经典有深度的作品，有部分晦涩难懂，现在只看了一遍，以后要找时间细细品读
7,恋爱线减观感
8,给“GOAT”以最严苛的标准。观后杂感：为什么实现了高性能义体、电子海洋的社会还能用着旧时代的导弹？；网络在这里究竟是什么？剧里似乎没有作出切实科学的说明，而单纯地是将其作为实现一种方案的工具；全剧的主题关涉的似乎是人与社会的矛盾，但讨论此之前，是否应先真细的明确：人是什么？生命是什么？GHOST是什么？我不认为该剧对此作出了足够的思考，而是与大多同类一样，抛了砖罢了。——总评，非常独特且优秀的“文娱”作品，或可言史上最佳，仅限动画史，也仅限于所谓“深刻”思考的部分。话说，难道搞笑番的最佳就不能是最佳吗（笑）
8,（8-）到底第一会是什么样子呢？…阅毕，感觉不如S1 ⬥ EP2系列最佳 ⬥ EP6预告福岛事件是吧 ⬥ 处处皆是押井守的阴翳，押井攻壳凭啥不是Rank1啊啊！！！ ⬥ 设定可谓是新时代和平保卫战，但真的新时代了吗？网络模因的设定根本就没认真谈吧？十一人不过是病毒、久世难民组织压根是正常搭建的，只是利用NT般强大精神力充当了超屌的宣传部长 ⬥ 人文小故事对我来说更加耀眼
8,BDRip
10,冷战遗产
7,虽然个人更喜欢电影版的氛围与音乐，但无法反驳这部剧版的优秀。优质的单元回和毫不逊色的主线，还有令人回味的音乐一同构造了这部动画界的里程碑。
8,个人觉得没达到神作水平。感觉有逻辑问题，为什么能有300W人在一个永远不可能获得公民权的国家生活，又不是前工业时代，而且大家都联网，该走就走，除非全世界都容不下。
10,神作，对于赛博世界的观察和哲理分析的思考让人着迷
10,攻壳还不是神作啊？
7,神山两部攻壳剧集的评价，在95版其阴影之下的次生作品
8,鸭子和神山系列补完//喜欢的不是攻壳而是其社会迷思
9,不懂政治，单从质量和剧情的吸引力上来看，它作为一部20年前的动画，能让我在20年后看的很舒服，毫无疑问是它优秀的。
9,和前一季同样的高水准，经典
10,那个时代伟大的科幻作品
9,正太：「全身义体化可以XX吗？」 素子：「想试试吗？」 Σ（ﾟдﾟlll）
10,好看捏
9,打了很多字，也想了很多。但我最后还是打算放弃评价，至少以本人目前的三脚猫水准还不足以评价
9,和平保卫战的TV版，写实的政治色彩比前作浓厚不少，定位于「难民运动」的话题就算以今天的角度来看都非常前卫，主线与支线的联系比《攻壳机动队 STAND ALONE COMPLEX 》更加紧密。“合田一人”绝对是动画史上最老谋深算的反派，而“久世英雄”则更像“切格瓦拉”那种领导者，完全的依靠个人的精神魅力去影响吸引大众，自发形成了变革的驱动力。本作制造了一个「伪 STAND ALONE COMPLEX 」，正所谓“水往低处流，人心也往低处走。”
8,太赞
10,赛博朋克之神啊，放了我吧，太多神作要补完了，断断续续的补又不痛快
8,草迷宫这集泪目了，本以为这把年纪已经不会再被感动
10,当之无愧的神作
9,无法言说的神作，作者让动画有成为高尚艺术的可能，剧本和动画制作，还有配乐的光辉交相呼应，神作实至名归。这已经不仅仅是一部作品，已经是一种理念，一种意识，一种艺术了。一定会反复看
10,如何把一部动画作品上升到如此的高度，对现在的新番来说，仍然很困难啊
6,素子女神&gt;&lt;
6,无。
8,木有stand alone complex好看的说
9,內涵物，一時半會補不過來！
10,没看完，打算找个时间好好看
5,完成12，歌
8,引发思考人生的台词太多，看着看着就疲劳了！
3,看到第11集，个人不是很喜欢新引入的反派，再加上事务繁杂暂且搁置。先给个8分吧。
5,新王登基？
7,混入太多概念性的东西并加以细致的讨论，以至于稍微断看几天之后的我就完全融不进去了。该说是都不清楚这到底要将一个怎样的故事呢，还是说大概倒是也知道故事的架构和走向，但是并不觉得有趣············
8,世界观架构不太对胃口，因此1话就弃了
10,牛仔与那个时代再也不会回来，但我会永远记得——于爵士的即兴中寻找失落之归宿的灵魂们，写下了这首星辰间的流浪诗。
10,最终得出的主题：在热闹中发酵的现代孤独，看的时候正逢疫情期间，每个人都只能隔着屏幕沟通，就算是打游戏，每次欢乐之后又是独自发酵孤独，抱着这样的心情，我看到了这部我只舍得每天看一集的剧，他们每个人都藏有一个秘密，他们可以一起吃没有肉丝的青椒肉丝，可以一起挤在破烂的剑鱼号里，甚至为了彼此搏命，但他们唯独不会和彼此分享这些秘密，也很有默契地不去向对方好奇，这不正像当下的互联网时代吗，「许多人根本不在乎别人在说什么，只是想找个机会发表自己的情绪罢了，看似热闹的互联网平台有时候其实全是孤单的表达和孤单的宣泄」隔着一张屏幕，大家戴上假面，一起狂欢，狂欢过去后，留下的只有空虚。 平时还有见面的许多朋友也是，看似可以一起谈天说地，从季度新番到时事政治，但一涉及到私人性质的话题，就会被迅速岔开……（后见日志）
8,让人做出一段消沉思考的元素的大杂烩。
10,8.5
9,比起日本动画更像新世纪废土抑或赛博朋克
10,顶级的配乐，至今依旧没有对手
10,上世纪的宝物
10,我是想不到真的有动画这么多年再去看，依然觉得非常现代，时尚，好看。
10,配乐，画面，剧情，人物塑造都做到了完美
10,如爵士乐一般，感性爆表
8,神作，无需多言
7,零散的单元剧更多是为了培育观众情绪而设计的漫长陪伴，关乎角色何去何从的主线故事才真正揭示了寓于各个角色的复杂矛盾：对过往的无法释怀和对归宿的痴痴追寻是Bebop号最本源的吸引力，被时间无情抛下的一行人纵使跨越行星也无法活在当下。片中的星系图景与后冷战时代方兴未艾的资本主义全球化如出一辙，流浪与冒险之中乐观主义和悲情底色交织融合，如今回望这文化多元的想象更觉出些呓语般的梦幻——梦醒时分方觉荒唐凄凉。
10,浪漫的太空冒险故事，主角团每一个人都很有魅力；演出和分镜很惊艳，真是一群天才做的动画；音乐很喜欢，运用了大量的爵士乐；融入了大量香港黑帮元素，还挺亲切的；部分单元剧有点拉后腿，不太清楚是不是年代原因，不过大多还是越品越香；结尾情绪拉满，回味无穷，不愧是经典
10,神作无须多言
9,浩瀚宇宙中独特的浪漫，废土中的虚无与繁荣，在枪林弹雨中写下未来对过去的诀别书。一次次欢笑与抹泪中，我们倾听生命的脆弱和沉重，一次次相遇与离别，我们咀嚼自由与存在的意义。史派克的机械义眼中漂浮的是茱莉亚的幻影，杰特的机械手臂留下的是警探时无法改变的肌肉记忆。当艾德与爱因与飞船告别，当菲再次回到飞船，目送着史派克的身影离开留下眼泪，每个人都在自己过去与未来的夹缝中回味记忆的残渣，挣扎着又义无反顾地去寻找自己真正的归宿。这是一场灵魂的漂流，也是属于牛仔们的追求与浪漫。see you cowboy cowgirl，someday somewhere……
10,确实是神作，缓缓铺开的叙事，在一个个单元回中完善人物的塑造，一步步的交代完主角们的过去。完备且宏大的世界观。整体就是一瓶老酒，越品越香醇美味 ，令人回味无穷
9,男人的浪漫
9,忧郁的底色是蓝色。初见便觉得气质与macross plus一脉相承，但在不羁与追逐自由的基础上，单元剧的结构使得嬉笑怒骂的搞怪故事与沉重的过往得以同时存在，构成了星际牛仔独一无二的风味 不论是世界观或者是人物塑造上都是大杂烩，融合东西文化多种要素，但在宇宙背景下又显得如此融洽 制作没得说，音乐更是超神  最喜欢还是24集，夕阳下的call me call me看似只是淡淡的忧伤，但回过神来已经深陷其中 问题自然是存在的，不少单元回都通过大量都合推进，虽然单独来看不一定差但在整体故事中会经常显得比较没头没尾，只能靠世界观和氛围糊弄过去 而主线本质上也是俗不可耐，但情绪确实到位了，看到最后还是回味悠久，无言以对 只能说确实是一部好作品 No black and white in the blue.
10,心中排名第一的神作，从每集单独的故事到最后两集的主线推进，塑造了让人难以忘怀的主角团队。 每个人都有自己无法忘怀的过去，却都在BEBOP号上找到归宿，Jet和Faye都渐渐的与过去和解，只可惜Spike始终无法忘记过去，即使舍弃BEBOP号上的美好时光，也要和过去做个了断。
9,如果可以失忆再看一遍
9,如果剧本不完整可以被叫作浪漫，还要好剧本干什么
9,无敌，当年的日升出品必属精品
10,看混沌武士的时候空虚了好久，但是看星际牛仔没这种感觉，不知道是不是因为和朋友一起看的。
9,神级公路片
9,男人还真都是无可救药的浪漫主义者
10,太空中的牛仔，如星空般闪耀
10,动画的标杆
9,宇宙的浪漫
10,宇宙神作。其故事本身就是一曲即兴的爵士乐，时而欢快、时而温柔、时而忧郁，仿佛是将摄像头真正伸进了头顶的深空，窥视着每个被过去和现在相互拉扯而重复着相遇与别离的星海一粟。
9,第500标，吃点好的//全是单元回，没必要一口气补完，早知道不选你卡500标了，话虽如此，看的过程中也没觉得难熬，毕竟质量实在是太高了，音乐分镜演出作画无一不是顶级，特别是背景作画，对我而言存在感和表现不必音乐来的弱。堪称无敌的配乐，仿佛剧情才是音乐的演出手段，认清这一点后只要投身于那氛围中即可，做好预期管理并享受其中，这就是一部形散神聚，气质独特的太空公路，将浪漫贯彻到底
10,全方位都有所兼顾的作品，观看时想到了情景化美学一词。尽管每集单元回的时间并不长，但是观众可体验到时长更长的电影也无法提供的悠长感受。是如海明威的短篇一样，在短时间、短篇幅内就能让观众自行品味出韵味长足，意境悠远，意趣横生的作品。入味深的同时表面也易于理解与接受。在同类作品中，《星际牛仔》的确是最好的，
10,Bgm用心程度高的可怕，几乎没有重复，但并没有让我做到仅凭bgm就能够浮想到相关氛围般的画面，这是我个人观感上的可惜（但op确实神）。%ep9爱德华，这集诙谐活泼作画也突出，比较喜欢；ep10不喜欢这集的塑造；ep11腐败龙虾菌成精。对对对就是这个味，加点感官刺激的荒诞故事！；ep木星爵士乐两集，代入不能。%比我预想中的科幻程度要低，主要表现于打斗为机械热兵器特别是古法枪斗，但确实没有哪部动画枪战比这个更经得住敲打。其主题上的人文关怀比预想的要多得多，但我并没能由此感到升华。%较公路单元剧类型，我更喜欢太空丹迪的整体风格。这一场补番的旅程并没有实现深刻难忘，有点儿浪费了。或者说不定是以后越品越有味道吧
10,配乐 剧情 人物塑造 氛围 ，几乎是挑不出毛病的神作，同好看下去一定喜欢
7,ep24
10,8.2
10,对星际飞行不感兴趣、对牛仔也不感兴趣。只是这部番在情感与剧情上的描绘是如此地恰到好处，以至于我一定会推荐它。
10,我最讨厌 女人 小孩 和狗
10,完美的视听体验，浪漫至极的故事
10,浪漫
9,配乐神中神。本来打9分，最后一集值10分。
10,心向往之 8.8
10,"『You're gonna carry that weight』||兴许是最佳单元剧了罢——较为单薄的主线亦有令人回味无穷的演出支撑，那些讽刺意味的寓言，亦或预言，更是如此。“adios”所蕴含的一切；“孩童”的天真与残忍淋漓其上，却随着“游乐园”荒诞的一脚去往再无痛苦的世界；总是被忽视的炸弹手，却一语道出那纸醉金迷的人世间；网络世界真真假假已辨不明，数据生命风生水起，但我们终归还是要回到现实世界；得以相聚已是不易，终归还是化为一场离别。||所谓海明威的“冰山理论”即是如此，一集太短，却魂牵梦绕，回味悠长。See you, space cowboy."
9,可能是本人资历太浅年龄太小，全程都是熬着看完的，真心觉得有点吹过头了 音乐很强，但情节几乎没关联，个人可能不太喜欢没主线的叙事
6,音乐满分
9,这才是真正的浪漫！
7,对我来说是有点不知所云的，可能是年代的缘故吧，确实是我无法欣赏与产生共鸣的作品。能看，也只是能看。
10,浪漫至极，舍不得看完的动漫。
9,spike以为自己是我
9,其实我并不是特别喜欢单元剧的形式，因为可以一直演下去，结尾是一个完整的作品很重要的一环，能在结尾落到什么程度能很大决定作者到底是实力派还是徒有虚名。星际牛仔的单元剧很拉满，令人钦佩的是制作没有拉长到好几季而是立马完结，注定它是留名动画史的作品。
9,个人很喜欢的单集：ep8，10，16，18，20，23。本作确实不愧是经典，很多内容很超前，很有意思。
9,很喜欢cb里透露出来的那种“自由”感，尽管故事的主人公和角色们或多或少都被束缚在了某种东西上，或是过去，或是某种执着；有人选择放下，有人选择背负那份记忆继续前进，而最后的spike选择了直面回忆，他不想一辈子被记忆关住，他想要确认自己是否活着，在一切结束后，他终于获得了真正的自由，一如spike往常的那样，他对到来的组织众人，对这个世界，也是对观众发出了最后的一声“bang”。You're gonna carry that weight，现在轮到看完这个故事的你背负着这一切活下去了
10,这个就不解释了，十分！
10,男人的浪漫
9,浪漫
9,一部可以30年后再拿出来看的作品。
10,“从那时起，我就用一只眼睛看着过去，一只眼睛看着未来”。有着上个世纪独属的浪漫剧情
8,渡边信一郎三部曲之一，渡边信一郎真的是个天才 一部具有历史意义的动漫，在历史上的地位也很高，单元剧天花板，通过主角与各种各样的人接触，各种情绪在主角身上均有体现，有悲伤，有愤怒，也有欢乐，讲的故事也是风格迥异各有特色，例如讨论宗教信仰，永生，人工智能拥有自我意识等等，而且这部动漫给了我一种很怀旧的感觉，旧的飞行器，旧的音乐以及怀念旧的人 十分浪漫的一部动漫，浪漫的故事，浪漫且悲情的男人斯派克 菲瓦伦汀这种风格的美女也是我喜欢的类型
10,"勇于下自己的判断，nice man，nice women，nice dog，nice old man, nice child,nice music,nice anime"
10,诠释男人的浪漫
9,在这个时代再也不会有第二部星际牛仔
10,fussoir；故事发生在未来，主角们却时不时纠结于自己的过去，明明是科幻片，却处处有怀旧的味道，港风的招牌，吴宇森式的枪战、白鸽，spike神似港式动作片的打斗；一旦涉及背景设定就惜字如金，前几话又看不出什么主线，观感稍微坐牢，适应叙事节奏后渐入佳境，到后半部分更是难以用语言形容的震撼，加上一以贯之的高水准配乐，把视听体验拉到了极致，上个世纪末的动画放到今天来看也没有丝毫过时；可以对比同是渡边监督的混沌武士，都是轻主线重支线的公路片，但是具体演绎截然不同，混沌武士第一话就点出寻找向日葵武士的主线，而星际牛仔的主线更隐晦，话数过半主角们仍是作为赏金猎人在太空中流浪，混沌武士的背景可以参考现实中的江户时代历史，而星际牛仔则是架空的未来，很多线索需要在追番过程中一点点去拼凑和琢磨，否则就会一头雾水；个人最喜欢20小丑安魂曲23电子宗教和末两话
8,romantic
9,完美的制作  完美的配乐  如果要让我推荐一部番剧的话 cowboy bebop绝对是首选  cb展示了什么叫做真正的“浪” 后世至今都复刻不了的“浪”  无需多言
10,补录 9.5+，情怀加分，Bebop，优秀的配乐，太空中的孤寂感......
10,看到最后的感觉已经不再是悲伤，而是释然……二十六集的雨最终停息，死了一百万次的猫也找到了自己的归宿。
9,无愧于神作
8,单元回动漫的神作。即使主线剧情对我而言还是过于零散，但这是单元回的硬伤，已经做得不错了。非常值得一看。
10,无须多言，先8.5分吧。综合而言起码是个年度级的动画，而且音乐、制作水准、人物刻画、世界观塑造、氛围感，都是历史级的，但其实剧情本身不算那种特别吸引人的风格，重视“味道”，不同剧集间质量略有起伏，感觉前面一些集真的让我觉得很神，后面就有一些达到这个水平。
10,神
9,实际上是8.5分 单元剧的架构让叙事差点意思，但篇幅配置合理的脚本配以优秀配乐的情感烘托还算是弥补了这一点 但相比之下我还是更偏好把故事分为上下篇的两集而不是一集讲完一个故事 最后再赞一遍配乐，虽然剧名写作bebop，但配乐风格涵盖却不止于爵士，可谓广泛。华丽而不喧宾夺主，一切为了整体剧集的呈现而服务。
10,日本单元剧类型的动画中无法超越的巅峰作品
9,EP07 好chill的一集 爽了 这才是江湖//EP10 “EJM”悲情曲神曲 演出特别好 节奏也很棒//2024年12月20日12:12:05 Fin
10,其实是八分，多出来的一分，一半送给渡边，另一半送给世纪末。至于那八分，献给无可救药的浪漫主义
10,最高のロマンス
10,"很不错的公路牛仔片,很帅"
9,去年刚看完觉得有些过誉，只给了8分，但近来压力大了时不时回忆起星际牛仔，很多画面一直深刻在脑内，和flcl一样是不时浮现出来的浪漫
9,"气质独特的星际公路片，把单元剧的魅力展现得淋漓尽致，不论是剧情、演出，还是音乐，都会让人忍不住认为这是从未来穿越到过去的作品，可能这就是所谓超越了时间的经典吧。看时一直很抗拒主线（主要指Spike的过往），看完后却又意犹未尽……几个被过去束缚的人“不幸”地相聚，而无法看到未来的人已经永远地留在了昨天，这是否能为剩下的人带来一点放下过去，走向未来的勇气呢？  See you, Space Cowboy."
9,补标
8,套着科幻外壳的西部牛仔片。
9,音乐画面人物氛围无敌
8,音乐加分太多
8,spike你真是我爹
8,8.5
10,9.7
9,从未想过能有一部动漫让我过了这么久依然无法忘怀。无可置否，星际牛仔有几个单集质量确实平均甚至低于平均水平，但大多数都是上等的作品，有些还要多看几遍才能感受到其内涵，更不用说神回频出。于我而言，像孩子一样说话这集我是最喜欢的。随着录像的进行，我的心也貌似走入了自己内心深处被遗忘的哪个角落，而寻找这个角落的我不自觉地和菲重合了，在寻找的过程中，我看到了许多已被我扔进了废墟的记忆，由此我不经感到茫然和空虚，我是否还是曾经的我？而在我听到小时候的的菲的加油时，我总有种辜负了小时候的我的感觉。而这对我来说总还是一次黄昏下草地上微风里浮世外的对人生路的蓦然回首，总还是要继续往前走，但从此，我的心貌似充实了不少。而填补了这一空缺的正是星际牛仔
8,配乐很厉害 作画很厉害 演出也很厉害 但是故事太简单了
9,shuai
10,什么时候看都不会觉得有损失的作品
9,好看爱看
9,男人，女人，小孩，还有狗。
10,太牛逼了 菅野洋子太牛逼了 作画太牛逼了
10,I'm not gonna carry that weight.
9,24岁一刷，再过5年，10年再来看一遍估计会有不同的感悟吧。
9,10.0 absolute greatest~ 音乐太爱了~
10,为何没标这部+1，依稀记得脚本和整体节奏设计得不错，以及，若隐若现却无法忽视的孤独感……
10,首先，音乐真是各种神，各种插入曲让人数次鸡皮疙瘩掉一地。然后，剧情，每一集都制作精良，太喜欢以前的手绘风格了，跟现在比有一种让人踏实的安心感。主线故事有点可惜，都太过简单了，朱丽亚和斯派克之间的感情到底有多深其实完全没感觉出来，就是一下子出现了，一下子又死了。最后斯派克的死，真的挺悲壮的，心里一下子就空了。最后，必须大喊一声，爱德和爱因太可爱了！
10,2024-04-13
9,不知道该怎么说，能感同身受杰特，那种男人之间默契和浪漫。杰特好兄弟，我想和杰特做兄弟
10,9.1分 一個怪物，由那個黃金年代所孕育出來的怪物，是對那個黃金年代的總結，屬於那時的結晶。將牛仔與科幻兩大題材結合的浪漫太空歌劇，做到科幻的盡頭是人文的水平。以至於我不知道應該批評還是讚賞，連分數都很難給。缺點真的很明顯，發展都合結構過於鬆散而且單元回水平也參差不齊，很多時候靠故作深沉的氣氛去掩蓋，導致看完好像什麼都沒看一樣  給了我一種別樣的觀看體驗，我無法從上帝視角去看這部動畫。它總是從片面到全面的去把故事講完，我在這個故事中就像一個攝像頭一樣。只有到最後看到了全面才恍然大悟，這讓我起初認為CB是留白的藝術，是成年人之間的心照不宣。後來發現還是人與人相遇與離別的物語，怎樣面對自己過去的故事。可惜我年紀尚小，跟主角們已經過完半生擁有過去不同，所以最後得出的結論是好沉重的NTR故事
9,神！！！
9,音乐好听
10,毋庸置疑的神作，瑕不掩瑜，感慨万千
9,好看啊
10,浪漫人生
7,不错的作品，非常喜欢这种风格，无法拒绝这种架空
9,配乐十分浪漫，不过作为以单元回为主的作品，单元回质量相对来说不一。而且与很多人看法相悖，个人觉得主线反而更加浪漫，更富悲情色彩
10,独特的质感
8,看不懂的年纪被氛围吸引，看得懂的年纪被内核吸引，很有魔力的作品
8,成熟硬派的浪漫感。剧情本身并没能一直保持精彩，回味时后劲很大，但是就是不够好看。。。单元剧部分比较喜欢ep1，10，14，15，17，20，23。（以及和本作并不一定相关但是）“男人的浪漫”这种正面意义全都能被其他说法完整替代、负面意义带有刻板印象+地图炮嘲讽意味的词啥时候能消失，尤其对于本作来说常被吹的俩编剧和配乐都是女的，咋能说出“cb是独属于男人的浪漫”这种话的。。。。
10,演出占大分了；不过98年这个风格确实有点......emmmm
8,伟大的作品！！
8,果然是比混沌武士好看多了。斯派克的死属于是意料之内，最后还是心疼菲，失去了过去好不容易回忆起来放下了，又失去了归宿。最后朝天开枪给我难受坏了。 所以这部动画是不是可以概括为黑帮两个头头为了马子而产生的争斗啊（什么香港黑道片）
9,伟大无需多言
9,9+，神作以上，但缺点相对大些，整体以单元剧为主，主线极其松散印象也不够深刻，但依旧在结尾三集全都收束住了，故事风格和人物确实足够浪漫。单元剧质量差距比较明显，整体来讲剧情比较薄弱但是很充实，主要是打磨不够好，但塞得还是很满没有空虚的感觉，有很多单元剧挺无聊的，也有一两集和攻壳SAC类似的赛博朋克集数，还有三四集神回单元。24集算是把整个故事前面描绘的点点滴滴全都汇聚起来把人生和归途阐释了出来，最后两集结局经典而不失浪漫魅力，结尾三集算是大大缓解了单元回的无聊，酣畅淋漓的收尾让观后体验还是很满足的。
9,浪漫而不止于浪漫，就算看不懂，不触电波我也不觉得cb会低于7分，怎么打出来的？
10,有空再看
7,期待值和观感差距最大的一部作品……
7,see you
10,已经二刷了感觉过不了多久还会再刷一边
10,为什么是神作？不敢想象这是一部90年代的公路剧，从到处洋溢着爵士气息的音乐到澳门香港街头般的城市街景，充满想象力的太空战斗，既有惊悚的东风和冰箱让人毛骨悚然，也有警长的自杀偿还和爱情的逝去的感动与催泪，这部剧结合了很多日本眼中各国的文化，并且融合地非常好，让人无法想象这是一部90年代有如此开阔视野的作品，星际牛仔为什么是星际牛仔？斯考特可能每集都挫败，但他从未摘下过他的尊严这顶牛仔帽，他始终和人在决斗，始终像个真正的男人一样不惧死亡地奔赴，讲义气，看似爱财的表面始终维持着自身的正义，再加上剧中对很多哲学问题的思考，让这部番剧的高度让其他番剧难以企及。
9,以前总是对于类似“看XX需要人生阅历”“不XX就看不懂”这类爹味很重的嗤之以鼻，但这部番确实不适合还是学生时期的我。“明知道去确认自己是否真正的活着要付出惨重的代价，但还是要去撞个粉碎死跟过去的回忆做个了断，何尝不是一种浪漫” 。还是选择了过去吗，斯派克。
10,故事终究会完结的
10,这个年代的作品太有味道了，画面与音乐神中神，男主太帅了，浪漫至死不渝
10,最喜欢的动漫
1,婆罗门动画，不，是情怀党动画。
10,不喜欢这玩意被称为神作被他人用来拉踩，每个人自己心中都有一个第一，cowboy bebop就是我心中的这部第一
10,活在回忆里，和死亡无异
10,自己觉得好不好看就行了 没必要什么婆罗门
9,音乐的存在感非常强的一个作品//98年能做出这样的番无疑是非常牛逼的，客观层面来说确实是一个厉害的作品，其中有几集十分优秀，但扪心自问，抛开时代的光环，我并没有特别喜欢这部番，首先单元剧的形式就自带高分buff，虽然有几集特别优秀，但大部分集数都比较普通，甚至有点无趣，因为部分单集十分优秀而给神作的分数我难以认可，音乐是我不太感冒的风格，机战也不是很有兴趣，作画可圈可点，但放在今天已经不足以称作惊艳
9,浪漫至死
10,菅野洋子配乐风格多变，好听，渡边信一郎经典作品，我自己印象深刻的bgm有ask dna和那段小男孩吹的口琴。spike和faye的性格都超喜欢
9,一场梦醒了
7,丰碑之一
9,失望
10,最佳单元剧公路片，从内到外的忧郁气质奇妙而又浪漫，身与心的灵魂漂流
9,完全是艺术品，虽然剧情比较老套“放在这个年代的动漫应该叫经典”，但表现手法和配乐还有世界观完完全全的撑起了整部作品
9,牛牛，我的牛牛，你怎么死了。怎么被氯气打倒了
8,极致的美学输出，刻在胶片上的浪漫，幻想中的成人世界
9,又浪漫又帅气的星际牛仔，不得不说角色都非常有魅力，单元剧总体上给人的观感体验也不错，有些集数的风格还是挺独特有味道的。话说配乐真的很劲。
9,一部浪漫反乌托邦的作品，单元剧这种叙事真的是很符合我个人的口味，看完之后意犹未尽。每次再想到星际牛仔那些故事依然不会忘记，我看的时候很开心，看完之后再回忆依然沉浸其中，see you next
7,中间单元剧果然质量过于不稳定，剧情上也太不紧凑，几个非常不错的单集被分割得太零散
9,过去的一些名作似乎有不少喜欢做成单元剧的形式来撑起动辄半年番的体量，我觉得日常系作品这样处理没问题，但放到星际牛仔这样真想讲点什么的作品里，就难以避免地导致剧情结构松散、配角多而不精、情绪输出不足的结果。虽然从各个地方都能够看出制作非常用心，但就是缺乏吸引人连续观看的动力，二十多集愣是花了我半年时间才断断续续地看完，你B总排行第二我觉得是过誉了
10,没看懂，也许以后会看懂(?
10,无论如何，动画史中青史留名的一作，可能是原创动画的goat
10,恰好的安排，推着故事走向高光 恰好的安排，引着宿命汇入哑暗
10,9.5//ep1、5、8、10、11 、15、18、20、22、23、24、26
8,过誉
10,单元剧 没必要一口气看完 独有的魅力
9,上世纪的浪漫主义情怀，写实的美术风格，配乐顶级，剧情满分，斯派克的死给人以传奇落幕的感觉，尽管那么令人难以置信，可最后那颗守护星的陨落已然说明，斯派克的确是死了，过去的那些也都了结，他就孤独地死在了红龙的阶梯上，身边谁也没有，而留给杰特和菲的，也只有无聊和身处宇宙中的漫无止境的孤独罢了，他们的命运会如何呢？有会怎样死去呢……
7,感觉还好吧 可能受限于时代了（也可能是我没审美lol）
10,是过去的，被埋葬的梦。是一切的源头，是颓唐苦臭的一生
8,有趣的浪漫主义太空歌剧
10,潮，潮出水了的片子，但某种意义上教会了我一期一会这种比较传统的思考方式为什么很重要
9,补标 配乐最棒了
9,what can i say
9,世纪末的浪漫感
9,音乐是这部番很重要的部分，很多集名字都是不同的音乐，op，ed也有颇具特色的配乐，挺有意思的剧情，还可以的世界观，以及关于spike和jet的过往的几回可以说神回，但是缺点也很明显，除了两个男人的过往回其他回就很单纯，内涵不足或者说毫无内涵和意义，跟一般的休闲回给的观感还不一样，纯粹是凑数的，还有女性的形象全体都非常单薄，用扑朔迷离，难以预测来掩盖，黑客的形象更是连纸片人都不如，纯纯工具人，菲也没有高光，难说有人格魅力可言，作为一部成人动画，很多地方的处理的确很有成年人的风格，跟很多回的闹剧格格不入
10,最喜欢和ed有关的那些篇节，性别模糊而古怪的小女孩在夕阳下走向自己的伟大冒险，但看起来仍然有种似乎是错误的忧伤，过早地出现她身上，她总让我觉得过于寂寞
8,看完很多年了，仍然总是会在不经意间回想起里面的人和事，浪漫主义启蒙动画
10,经典 每一集都是一次独特的旅程 最后通往同样的浪漫
10,有时候感觉挺有内核但是又不想想那么多，总之就是想让人点进去下一集
7,"男人的浪漫, 不过如此"
9,一只眼眺望着过去，另一只还没晃过神来
9,最喜欢的几部作品之一，没办法简单的评价
9,不尽完美的公路片，但有种浑然一体的纯粹
9,顶级的配乐，顶级的演出，顶级的人物塑造，优秀的剧情。星际牛仔在有极致特长的基础上，其他方面全做到了极好到优秀，电视动画载体上少见的杰作，see you space cawboys。
10,心中的第一
10,浪漫至死的作品
8,浪漫至死
9,谁言老作无大帝
9,相聚与离别 残酷的过去，梦幻的未来 see you cowboy，someday somewhere 单元剧质量都不错，每个人都在最后面对着自己的过去啊，还有配乐是真的太强了啊！这番老实说无时无刻给我一种浪漫的感觉（也说明出这番的过人之处啊）
9,最后的布鲁斯蓝调
7,神作，无需多言。太空版的公路片，每一集都有独特的风味。人物美型作画优秀，观看是一种享受。最难忘的是把星星比作战士的眼泪，虽然情节已经记不太清了但那种感动和震颤还留存。太空中的孤寂又纯净的安魂曲，星辰大海中的银铃。
8,非常有意思
10,24.8.14 作画没的说，顶尖水平。剧情一般，感觉没有主线。感觉很多老番都是若干个小故事拼接起来的，故事的衔接不连贯，但丝毫不影响观感。最近的番越来越流水线了，看一部基本就看了一个系列了，没什么特点，而且很多在追的番的续作都垃圾的不得了，心里怪难受的。哎呀，还是17年以前的番好看啊啊啊啊
10,经典的剧情，极佳的演出，优秀的作画，雅俗共赏的配乐，还有塑造优秀的角色，最后再加上一抹独属于那个时代的浪漫，这就是星际牛仔。 曾经的港片有多优秀，现在就有多无趣，矮个里面拔高个，已经回不去了。90年代风光无限的好莱坞影片在如今也被了疫情，政治正确等外在（?）因素影响而在无法再现当时的质量。相似的例子有很多，或外来干预或自身走向没落。一个时代的潮流总是有会在其巅峰后，迈向下坡路，或许在有一天，又会再一次走进人们的眼中，然后再重复走一遍之前的路，当然，更多的时候是成为一段历史，供人们去回味。现在我正在做着我不太喜欢的工作，我能在我人生最迷茫的时候，看到这部雅俗共赏的浪漫佳作，我觉得这是我的幸运。//总结：9.6分
10,无需多言
10,很好看啊
9,See you space cowboy！浪漫！24话 26话真的神回！永远的神！
8,See you space cowboy...
10,也许是我的理解能力有限，没有看出背后的隐喻，但仍然是很好的一部作品。
8,完美的作品
10,配乐很神，主线剧情不突出，但作为单元剧这不是硬伤，支线剧情不错，许多剧集都带有遗憾甚至悲剧色彩，能触动人心，或许这就是cb的魅力所在，整体质量很不错
8,非常好的风格！超级喜欢。最有魅力的男主之一啊
9,决定了我审美的作品之一……
8,星际牛仔
10,【S】
10,神
7,经典的太空歌剧
10,出色的音乐和剧情并不是星际牛仔的全部，吸引我的是它那无所不在的细节，成年人之间那无可言说的情愫。星际牛仔的那种自由并不是无拘无束的，而是参杂着自己的情和义，当涉及情义时，金钱变得也不再重要了。故事最后，主角团都和过去进行了告别。杰特告别了过去，情人找到了新的生活。艾德见到了爸爸，后来踏上回家或流浪的路。爱因早早逃离了过去，选择和最理解它的艾德一起流浪。菲找到了过去的记忆，但故地已容不下现在的她，最后选择留在bebop。斯派克找到了茱莉亚，不久后被追杀致死，从而失去了活着的意义，最后和比夏斯同归于尽。于是故事就在遗憾中结束了。伴随着悲壮的音乐，镜头转向了宽广的宇宙空间，人类在此时变得如此渺小。但即使是渺小的人类，也拥有着数不清的过去、现在和未来。所以牛仔们，就此前进吧，不必再问也不必回首
9,"西部、废土片在日本的一种独特的形式。一个个故事、一个个角色都追寻自己的过去和未来, 是反抗、是接受、是沉沦、是逃避…所有音符最终汇为一体,决定着主题的方向,映射着主角们的选择。Spike的过去，Jet的前妻，Faye的故乡，Ed的归宿……每个人都无法坦白自己，隐藏着心中的秘密。他们一起吃Jet做的最难吃的饭，可以一起挤在这个破破烂烂的飞船里，一起合力追捕赏金犯，甚至可以为彼此付出生命，但他们无法做到互相坦白,保持着内心的孤独。这样的人际关系，或许是对现代人的真实写照，就如同23集里的故事,网络成为新一代人的宗教,表面人际关系更加热闹,实则加重了人的孤独。对待自己的过去,我们或许应该和Spike一样直面过去,斩断过去，从大梦中苏醒,这份情感的力量是CB作为经典最大的魅力。"
9,人生如逆旅，我亦是行人
10,只有与过去诀别，才能与未来相拥。
9,林原惠声音很好听。） 音乐很劲。
10,找不到天国之扉资源
6,bang
10,神作，在我心中的毫无争议的神作。动画制作上来说，我无可挑剔，在合适的地方，献上合适的演出，行云流水。在需要的地方献上优质的作画，加上神一般的配乐，给我带来了至高无上的视听体验。我觉得他是真的懂牛仔的，那种时而散漫，时而认真，富有神韵。优秀的单元回，一部动画，不可能喜欢他的全部集数，但是让我有这么多喜欢集数的，他是唯一。我在观看过程中甚至看了一半在隔一个月再看，都没有影响观感，忘记剧情。虽然吹得很夸张，但它在我这确实有这么优秀。声优的演绎更是如虎添翼，真的演出神韵了好吧。林原的声音是真的好听呀，喜欢的声音有着好的演技，简直就是享受。呀，结束了呢，真是不舍呢，期待再次遇到如此优秀的动画。
10,渡边信一郎加菅野洋子双雄合作，就这么一部太空歌剧，伟大，无需多言，每一集的配乐和演出都是神级，男人的浪漫！
8,剧情本身以现在的眼光看有点缺乏新意，但这音画确实无敌了，丰富且浪漫，主角团三人也塑造得十分有魅力/8.6
9,难以想象是1998年的作品，历史地位毋庸置疑。然而我站在今天的视角却无法毫不犹豫打出10分，甚至我认为存在过誉和婆罗门现象。和流浪武士一样，渡边将几种风格有机融合；但主线也一样，先是吊你胃口最后大事化小，结局反而没有单元剧某几集震撼深刻。 Julia和向日葵武士是同样的，苦苦追寻却又转瞬即逝。在最后的希望破灭后，风在同伴的帮助下生存下来并展开新章；Spike选择一人倒在过去。前者我对天降最强剑神感到不满，后者Vicious的塑造过于工具人，甚至我认为只是为了Spike不自杀殉情而存在的陪葬宿敌。流浪武士我能得到“旅途的意义超过了追寻的结果”，而星际牛仔只给我空虚，非要死了才算Free？越是生不如死，越体现活着的伟大，生命的顽强。结局是浪漫，但不够洒脱。PS：剧场版真就庄周梦蝶，剧情拖沓，还有Spike腹部挨了一枪高空坠水能不死，那我觉得区区刀伤不至
10,本来前面对我来说感觉只有7分的水平，但是最后几集太猛了
10,洒脱而放荡不羁，令人陶醉
10,最爱的动漫，没有之一
10,老一辈动画人的艺术啊！！
9,see you space cowboy
9,艺术品，尤其配乐简直是神
10,10.0/
10,名为科幻 实为公路片
10,9.0
10,好康
8,这部作品说明了什么呢，厕纸做得再香也只是擦屁股的工具罢了，优秀作品所需要的天才与热爱，与工业流水线永远不可能在一个档次。动画的优势与意义，热爱动画的原因，感谢你再次让我找回。
10,我如果死了也要烧给我看
10,不要死
8,非常具有作者性的作品，可以看到很多玩票性质的致敬和模仿，音乐与部分单元剧确实堪称优秀，演出方面也可圈可点，但说实话不少故事讲的一般，运用了太多留白去塑造所谓的氛围感，然而带给人的只有一种空洞和单薄，这绝不是一个9.1分的作品应该出现的问题，个人拙见9.1分的故事应该是绝对工整的。
6,真的感觉一般般，很多剧情完全把人当傻子，还搞强行升华，最过誉的作品之一了在我看来。出彩点是音乐？
9,最后几集触动很大
10,评分：8.2//差值：1.0 典型的对我来说期望越大失望越大的作品，和解后却对我影响甚深 我曾固执地认为在故事中谈其他东西的前提是这得是个好故事，而今亦然，但cb帮我去掉了上述“固执”二字，至少刚看完cb时我因为其潦草的主线和过多扁平的人设感到隔应，加之高评分带来过分的期待度导致的反作用让我一度想打7分；但等肾上腺素作用过去后，我终于得以好好审视它的表层制作和深层思想，并定分8分，Gren的帅脸（人妖属性也起作用了也说不定）和ep23《娱乐至死》的思想与拜读过书的鄙人产生的共鸣各添0.1分 只是恕愚难以感受被强调的所谓浪漫，只觉得有种在残酷背景下描写太多理想情况的失衡感，不过既然是ACGN文化作品哪里逃的开理想情况呢，到底还是我期望定高了罢
9,最喜欢的公路片
9,十分参考
10,经典中的经典
9,永远的神 隔一段时间就想重温
10,一部充满爵士风味的浪漫主义的伟作 演出与脚本都是最顶级的 最喜欢菲的几个个人回，有一种时光荏苒物是人非的萧瑟感 他们从陌路到相识，默契到不分彼此，他们从相识到陌路，只留下一个故事。
9,无聊的太空枪战单元剧，主线占比极低。浪漫在哪呢，完全感受不到。至少混沌武士的打戏还好看点。
8,（8-）别忘了看总集篇mad ⬥ 剧情俗套，但其余演出作画音乐氛围素质顶尖，可惜未曾动人心魄，也许只是not my type吧 ⬥ 普普通通的故事，总能故作深沉文艺也是种才能 ⬥ 24分钟的港式武打黑帮片，蛮尴尬的篇幅，好在主线还是很能体现生死过去的感觉的 ⬥ 看来是某几个关键单元回大加分才有9.1，大部分可能都平庸。首先EP⑤坠落确实挺有感觉，但不至于评论所言一话封神…⑩Jet前任回依旧典但算有感觉⑪惊悚搞笑回⑬背叛回悲哀氛围不错⑭象棋回喜欢主题，终于脱离港片典中典剧情，目前最佳⑱录像带回感觉不如小南极⑳小丑回感觉不如绮丽梦中人㉒爆笑回点题兼讽刺极左&amp;资本主义㉓掰扯了下血肉灵魂㉔日常的闭幕总是让人唏嘘，SAC如此、蜂蜜与四叶草如此、CLAS如此，很多很多…各种象征很有韵味㉖太有(黑帮片)感觉了
10,完美的角色塑造，一个群无家的人聚在一起的故事，一段浪漫的故事，一段不想看到终点的旅程，第五集后半部分演出神中神
10,浪漫、至死不渝。死与活、在过去还是在当下，两者两两搭配、随意组合，怎么理解都可。（一个小插曲，我以前补一部老番叫黄金宝贝，我看人设怎么这么眼熟呢 原来啊原来，辨识度真的高呀）
10,很难想象日升当时怎么凑出来这个TV动画史上最强的梦之队阵容
10,每年都会重温的作品，甚至专门去定制了八音盒。神作，
10,伟大，无需多言
10,10，木卫三恋曲，时间一直在流逝 11，冰箱里的东西一定要吃掉——人生经验 17，蘑菇 19，太帅了
10,画面人物与配乐的完美融合，寥廓太空里的浪漫歌剧，世纪末的动漫绝唱
8,26集很快就看完了，既可以算科幻战争番也可以算音乐番，里面的音乐非常适合动画，很有感染力。几乎每集都是单独的故事，但是又能通过主角们的背景故事窜连在一起。而这几个角色特点鲜明，让我又爱又恨又共情，除了杰特和狗狗，其他三个人身上都有我受不了的点，但正因如此这些角色才鲜活。也有很多印象深刻的配角。几乎每集都非常好看，有好莱坞电影的感觉，有些镜头像吴宇森拍的枪战片，重在氛围、浪漫，不能深究逻辑。
9,生活在地球上的人为什么能想象出宇宙级别的浪漫啊！在见证一个个悲剧后潇洒离去，在混沌的后现代社会中保留一份淳朴的善心。有的人寻求归宿，有的人望着过去，都始终贯彻着自己的活法。虽然如宇宙中的星星般暗淡且渺小，却也寻找着活着的证明
9,单元回的神
10,补的番，有些集数十分浪漫，但有些让我有点无聊。
9,心中无法被逾越的一部动画—让人意识到何为真正的神作，一场艺术与灵魂相碰撞而诞生的浪漫主义作品·单元剧穿插主线有着紧凑而不失细腻感人的情节以及令人沉迷的爵士乐塑造出每位极富魅力的角色这是一部讲述浪漫的故事他们都有关于过去的遗憾也都有独属于他们自己的浪漫，故事的终幕随着斯派克的那一声枪响结束了关于过去的这条救赎之路—浪漫至死 !
9,无法拒绝公路片的浪漫！
9,单元回的故事放到现在依然觉得有趣，主线和内涵倒是次要的了
10,无需多言，各个角度都是顶尖的动画。个别单元回我不是很喜欢，但另一些单元回优秀到无与伦比。我给9.7分
10,私心给满分，cb是盛大的艺术
8,一众老冷器中的浪漫公路片，神插入极多
10,不少单元剧放到现在看已经不是很有趣了。不过管他的，浪漫，实在是太浪漫了，在这氛围面前，言语实在太过无力，尝试描述这种感觉也不过是徒增困扰。bang!
10,Cowboy Bebop 通过单元剧的形式 完整的展现了一幅星际牛仔世界观下的社会群像 使得社会性在全篇人物人格塑造上十分体现的深刻 同时也在不同单元中呈现不同文化的艺术精华和风土人情 兼具社会反思和人文关怀 精妙的对文学艺术的致敬 如同Bob Dylan的叙事诗一样浪漫 音乐是全片的一大亮点 涵盖不同地区的特色音乐以及传统至现代的音乐风格 同时在标题和结尾对音乐文化的致敬 真的很有心 You're gonna carry that weight.—The Beatles 来自金色梦乡组曲的第二首 全片也如同金色梦乡一般浪漫美好
9,A+  以我现在的评分标准我不会给任何一部作品打满分，但客观来说cb是我看过的最接近满分的存在
10,浪漫
9,感动 最后几集个人回翻来覆去的看/ 01 Asteroid Blues / 05 Ballad Of Fallen Angels / 08 Waltz For Venus / 10 Ganymede Elegy / 13 Jupiter Jazz (PART 2)/ 18 Speak Like a Child/ 24 Hard Luck Woman / 25 The Real Folk Blues (PART 1) / 26 The Real Folk Blues (PART 2)
9,很浪漫
10,感动 无与伦比的感动
7,伟大，作画，配乐，剧情都是上乘中的上乘，高中时期ost翻来覆去听，真正的，优秀的遗憾文学。
9,bang
10,人物塑造的好用心，故事节奏也非常舒服。特别喜欢第十集杰特说完“因为时间是一直在流动”后的释怀丢表
10,好看，但个人而言还是更青睐强主线强剧情的作品，主线剧情比较一般，看点更多在从画面中洋溢而出的浪漫与忧郁气息上
10,永远的浪漫
9,还行吧，中规中矩
7,还行，但是越看越不好看
9,最好的一点，有些像单元剧一样，即便放下许久也可以再重新拾起来，然后再看一遍
7,进度非常缓慢
8,听了很久很久番里的歌，我直接开始狠狠看
10,排序5
8,NB
9,很好的作品，但放到如今，却不够那么吸引人。
10,算神作，但不对我胃口，主要还是没啥剧情
10,20世纪竟然能出这样的作品，牛
8,很浪漫
9,看到第三集，故事设计很优秀，镜头信息也很足不会让人感到乏味，有老故事电影的影子
10,SPIKE 永远赚不到赏金
10,动画中的湿婆，婆罗门晋级考试的必修课
7,恰到好处的色情度与浪漫
8,公路漫天花板 ，无需多言 配乐太特么弔了我超！ 老贼啥时候再和菅姨合作一部????
9,补番中
9,再看一遍
9,Let\'s Jam
9,一切电影爱好者都能接受和好评的动画
10,像做头部按摩一般舒服
10,一部超越那个时代的神作，也是一部唯有那个时代才能做出来的作品
10,看了几集，不好多评价，只觉得看的很投入，二十多年前的番，作画和配乐真是一绝，单元剧的形式也很棒。
10,非常喜欢这个风格，既浪漫，又洒脱。
9,看似简单的单元剧，实则包含了对人性的思考，自我矛盾，成年人的世界，生活的锁事和教训……对话剧情情节丝毫不尴尬，每集的情节大体平稳但有起伏有反转，有时会突然出现笑点，让耐不住性子的人也能感受到一丝乐趣。刚开始入手可能有些无趣，但看两集就会完全沉迷其中。
9,三刷
10,太社会了
9,真的牛逼 好看
6,"看完想了很多，写了很多，最后还是删掉了。I\'m gonna carry that weight. And, see you cowboys and cowgirls, someday and somewhere."
8,神作，无敌，没了
10,完美符合我对帅的一切定义和要求，这才是牛仔
10,"制作各种吊,非常有味道，看完后回味无穷"
8,人情分  不过暂且是看了两集  感觉完全不对我胃口  有空再补
10,享受这种感觉
10,配乐真是美美美
9,喜欢bgm
10,佳作
9,开始补了
9,画面很棒
8,对太空歌剧实在没法提起兴趣，昏昏欲睡，没有看下去的动力
9,没头没尾，随心所欲（歌剧？in space说的有点道理）演出华丽
9,看了一集
10,N年卡在第6集
9,很喜欢配乐，音画配合的氛围也是非常的浪漫
9,洋子的音乐真的顶中顶
10,1
9,现在心境不适合
10,18年看到现在还没看完。。。
7,单元剧完成度很高，但我就是不想点开下一集
8,人生第二部番（当时看了一半）正在补后半部分  //  没想到最感动的是被逼出来的总集篇 在电视台的恶行当前，虽有愤慨，却始终一无所惧，这就是cowboy
8,动作！！！
7,看了个开头
7,一周目无法欣赏……
9,结局要重看
9,(⇀‸↼‶)我没敢看最后两集.....
9,好多年前看到剩下最后几集就搁置了。可能是因为被剧透了悲伤的结局的缘故吧。
9,年代久远不知道什么时候会去补......
9,还行，可能因为个人原因吧，画风不是很喜欢
7,剩了两集最高能的没看，留着以后看哈哈
8,待补
10,总体感觉很不错，但是个人不喜这类哈哈
8,看到第四集突然不想看了
7,补番中，果然神作
9,好久了，没有看完啊
9,人设绘柄古风啊...丹迪和这边来回换着看别有风味ww
8,我当年看没能跟下去，如今也不知道结果。但我也不用知道结果，因为后面十多年年年都有人提这是神作。没错，音乐，节奏，超出时代的动画，都给了我感受，却可惜没能进入我的内心。神作再神，也要对上电波。怪只怪我当年太年轻。
9,真的很久没能遇见让我边看边头皮发麻 浑身鸡皮疙瘩的神作了
8,故事本身还是弱了，也没什么长篇故事，放下了就放下了
10,虐得不敢看下去
7,看过一点点，没印象 挺老
6,上世纪的老番确实不太适合现在去看了，如果是连续剧就更好了
10,锐利的画风和独树一帜的配乐成功营造出一种宏大、孤独却极其浪漫的氛围感，与之搭配的却是套路般的单元剧。就个人而言，除了OP和Faye始终是一抹亮色，几集之后就很难吸引人看下去了。
6,13集弃。
6,注释版下架
8,2024.1.29：坚持看了几话，发现确实回不去了；剧情不出色的情况下，旧时代的画风也无法让我有兴趣继续看下去了。 2024.1.22：重新拿起来补番。 2023.8.2：第1话看完感觉还不错，音乐创造出的氛围让人印象深刻，设定浮光掠影一看也还可以，就是单兵格斗怎么还是枪支，和星际航行的科技水平对不上啊
7,2023.1.29：坚持看了几话，发现确实回不去了；剧情不出色的情况下，旧时代的画风也无法让我有兴趣继续看下去了 2024.1.22：重新拿起来补番 2023.8.2：第1话看完感觉还不错，音乐创造出的氛围让人印象深刻，设定浮光掠影一看也还可以，就是单兵格斗怎么还是枪支，和星际航行的科技水平对不上啊
8,看了九集弃了，除了第一集，其他剧情都一般。 配乐加分
4,人物动作僵硬对话僵硬，放到以前可能很好看现在就是被秒的喳喳了，看不下去，强忍着看完两集就删了。第一就这？
7,看了几集，有种好莱坞大片的感觉……比较失望
6,没对电波
5,节奏有点慢，不太对胃口
5,与牛仔这个词的文化含义相当隔膜
5,说实话吧，看了一半实在看不动了，因为我实在不知道他的看点在哪里。我个人对于作画和音乐这方面其实要求不高，剧情在我看来不过就是普通的宇宙冒险故事有点上世纪美国动画的味道，据说有很多的致敬但这个对于提升观看体验好像没有什么太大的作用，我是来看剧情的又不是致敬
10,欢迎走进今日科学之这玩意到底神到什么程度力压gis，eva，clanned成为bangumi动画榜第一。如果把它当普通佳作看，绝对是愉快的体验。但把它当神作看，满脑子只会争先恐后涌出“就这？就这？不会吧不会吧？”
7,难以置信这是98年的作品
7,透漏出浓浓的男人的浪漫的味道，，
2,各方面都不错，但是剧本对我来说没什么吸引力，大概是我没有男人的浪漫吧
5,反复捡起来想看完，始终是看不完。分给作画和音乐。给我的感觉和攻壳一样……剧情平淡，设定也不算有趣。无法欣赏。就是不好看。观感3剧情5角色5演出8音乐10画面9
7,没看点，5集后弃。
10,这才是真正的童年回忆，不过小时候不知道有这么多隐喻，只觉得都好看233，内容记不得太多了，为了不降大众评分我就打8，以后有缘重刷｜8+
10,永远的经典id不会过时的那种
10,童年
9,童年回忆
8,"都喜欢, 推荐川话版! 也推荐其他的方言版本"
10,不朽的经典
10,无论什么时候，什么年龄在看的时候都能让我笑出来的作品
9,经典
10,神作，配乐画面剧情笑点演出都超级优秀！！！
10,忍住不打十分都是神人了
10,伟大无需多言
10,伟大无需多言，必成传世经典
10,老少皆宜的经典，不管看多少遍都不会腻，古典音乐启蒙
9,童年 (仅限老版50集
10,越早越好看
7,毫无疑问的佳作，抛开时代滤镜也是值得一看的喜剧作品，可惜后期质量下滑严重。个人认为bangumi rank4虚高了(─.─||）
9,【补标】童年经典
10,从小看到大，真的很好看的童年经典
7,神
10,无与伦比的技术和创意，但是7分
10,无可置疑的神作
10,难以复制的经典之作
10,动与静的完美结合，动作生动而不夸大。很庆幸我是看这种动漫长大的。
9,经典毋庸置疑的优秀
10,不论谁看了都会会心一笑的作品，还有各种方言版能给人完全不一样的体验。就算现在连续再看好多集都不会腻
10,完美的动画
10,没什么可说的 传世经典
10,平衡？
1,没得质疑
6,不是，真的假的这么高的分啊？好吧至少我的童年，猫和耗子起码赶不上魔卡樱，有后者放我看都不看一眼前者的，后者看完了才会说再去看看猫和耗子。而且，猫和耗子有一段可难看了，就是猫的毛特别多的那一段，反我真打不出来更高的分了，算上情怀也就8分
10,经典，无需多盐
9,传世经典
10,这个不给高分的也是神人了
10,天不生猫和老鼠，动画万古如长夜
5,经久不衰的神作，在当今网上上经过各种二创，已经二次发酵，总结一句，猫鼠队还在上大分！
10,一代神作，永不褪色
10,拼尽全力无法战胜
8,从历史意义来说无疑是伟大的 但质量参差不起真得扣分
10,伟大无需多言
8,很难想象这是85年前的作品
9,很棒的默剧
8,开宗立派的艺术品，新版不做评论
10,真正的伟大，真正的无需多言。毫无争议的地位。
9,童年回忆
10,不开心的时候看
10,猫鼠队不削能玩？
10,神！无需多言
9,在b站偶尔刷到片段都会觉得有点熟悉，仿佛是小时候看过的，总觉得哪一集都熟悉，刷到总会多看两眼
10,神中神 没得说
9,无需多言
8,童年经典，无需多言
9,补标
8,致敬经典，致敬童年
10,唯一真神，百看不腻
10,百看不腻
10,神中神，世界第一动画
9,9.6/10.0 带有童年回忆的滤镜，现在它也依然是曾经的模样
10,和哆啦A梦并列为我的童年神作
9,一般般
8,豪看！现在照样爱看
7,百合（doge
8,小时候
10,动画永远的鼻祖，为什么猫鼠队能一直上分，正是因为它创造了太多经典的分镜
10,丰碑
9,常看常新
10,伟大，无需多言
10,猫和老鼠也是出息了，要靠bangumi排名来证明自己的含金量，诚然猫鼠后期质量存在大幅度的下降，但这并不影响它是人类动画艺术的巅峰之作，就跟你不能因为牛爵爷晚年研究神学就否定他经典力学之父的地位一样。某些说猫鼠cjb的人，敢问你们心中所谓不cjb的动画什么奥斯卡，几个奥斯卡？
10,伟大
10,童年经典了属于是，但可能也是因为太过经典，反而只是觉得好看而非神作
10,挺喜欢的
10,动画史上最伟大的作品之一
9,少儿TV播必看
10,经典无需多言
10,小时候最爱的美国动画。
8,启蒙、过去与现在
9,小时候一起看的玩伴都不联系了
10,没看全，也没必要
7,怎么看都看不腻
10,小时候的经典，现在回过头来看，也值得满分
10,从小看到大的一部作品 就算反复看了很多遍也是津津有味
8,小时候每次周末很期待的电视动画
7,一直怀疑自己有没有看全
10,MGM版补完，暂定八分
10,真正伟大的艺术品，每个人都可以在电视机前欢笑，动画史上的丰碑！
10,无需多言
9,一幅一帧的手绘造就了动画史上永恒的经典//配乐和动画的契合度相当之高
9,每一集都能令我忍俊不禁，猫鼠队不削能玩？古典音乐启蒙动画(确信)，8分，童年回忆+1分
10,神，小时候当搞笑动画，大学当历史看，毕业后当道理看。最牛的是看1000遍都不会腻，怎么看都看得进去
10,经典永流传
10,常看常新
10,童年，反复看都不会腻，常看常新
10,百看不厌
9,。
10,确实厉害
8,伟大，无需多言
10,客观来讲肯定还是要考虑一下这么多剧集里作画忽高忽低的问题之类的。但是在我的童年，能有这样一部作品是一种幸运。也许他不是最好，却是我最独一无二的回忆。
9,神中神
10,?
10,猫鼠队还在发力
10,这个不满分，不愧是中二群体，连谁能穿越时间永远留存都分辨不出来。
10,伟大，无需多言
10,传世经典。
10,永远的经典，快乐的源泉，百看不厌
10,唯一的神中神，世纪的珍品
8,艺术品
10,伟大
10,真正意义上的童年最爱
10,想为了新版扣半分，不过似乎没有半分，就四舍五入给个10~
10,必须满分啊，大学开外放补了一遍
8,神，但似乎有一个版本很烂所以扣一分
9,童年回忆了
9,神作
10,伟大无需多言
9,小时候爱看，成年了也爱看，百看不厌
7,永远的童年回忆。每一集都是超级精良的制作
10,从MGM的经典到基恩·戴奇的吹jb，再到查克·琼斯的中庸，猫和老鼠终究也逃脱不了时代的痕迹，正如童年滤镜里猫和老鼠的形象也在我重温中悄然改变。童年时，我打十分，现在，我打八分。
9,以前电视上看的，还行吧，比较喜欢那种顺滑的搞笑和奇异的画面
10,小时候零零散散的看过，但还是带来了很多快乐
9,不朽的神作，永恒的经典，动画这一艺术形式的最佳代表。
10,动画之神
10,童年回忆补标
8,不需要台词的作品已经证明了太多
9,真的没有什么办法全部看完，不好打分啊
10,含金量太高了
9,无话可说
10,伟大无需多言
9,？感觉不好评价，巅峰部分绝对超过10分，单元剧吧切割就切割了
10,真神
10,老少皆宜，我想一百年后的新朋友也会喜欢看的。
10,没啥好说的，最强子供向
10,这是我能评的么？神！灯塔还在照耀前路时刻的瑰宝（当时）
9,伟大无需多言
5,小时候就觉得很无聊
7,补一下吧
10,真 从小看到大
9,卓别林棍棒喜剧时代的大咖网红（院线动画短片电影~早期影院是类似网吧制的），同时代里的对手要么美式俚俗梗（华纳乐一通）要么IP（美漫、大力水手、米老鼠），只有猫鼠俗到了一种百家通吃的姿态基本盘苟到现在（大力水手、米老鼠、超人都快过气了）也是1990年代卡通频道刚成立，美漫开始连载原创卡通TV的启明星（类似鸟山明）。ps：很多年前我在B站评论区撕过方言版，有个不知道是不是台湾IP的一直吹台配的好，MD今个找到了，什么JB，无非是比国内流媒体丢失BGM好一点（央视初版已遗失，后市面发行的通常版本说人话没有BGM，而且翻译配音糟糕），前些年有刷过亚马逊胶片扫描流媒体，现今重刷一遍（后期日常回、总集篇、重播还不少）。ps②：从最早搞方言二创基地的云南/福建拿到发行商许可（盗版）限定DVD发售渠道的第二种河南方言版《能蛋和小孬》大部分资源已丢失，有全集的麻烦Q我
9,⚡
10,除了海绵宝宝你就是第一55
10,童年永远看不完的动画片
10,神中神，无需多言
9,9.1
10,音画配合的极致，暴力演技作画，抛开时代局限下的歧视等文化问题仍有不少至今令人深思的启迪，猫鼠队无敌/3温馨圣诞夜/4曾经的童年阴影/5大狗斯派克登场，也只有这俩主人公能把自己拎起来)6可爱母猫上线，打碟咋还出现傅满洲形象了/8姬霓太美，坤坤的威压/9一鼠杀二猫/10狮身人面像/内涵小胡子/过河拆桥/11二战隐喻获奖片/13当年的zoot时尚
10,纯粹的表现力，配乐的运用，最原始的趣味
10,猫鼠秒了
10,动画历史上的璀璨明星
10,永远在看
9,B站有个叫枣泥蛋糕儿的UP主24小时不间断播放猫和老鼠，有空就可以去看一集，然后过来点格子。其实我已经看了不少了。测试B站有个叫枣泥蛋糕儿的UP主24小时不间断播放猫和老鼠，有空就可以去看一集，然后过来点格子。其实我已经看了不少了。
8,50周年纪念版144集
10,感觉以后都不会有这种体量的动画了
10,作为整个动画史上的里程碑作品，必定满分
9,最大问题是我看不完……没法评分啊呜呜呜呜哇
9,仔细想想，汤姆和杰瑞不论小时还是现在都很喜欢
7,童年美好回忆，现在看依然非常好看。
10,最近在无内鬼环节看了很多猫和老鼠，索性在bangumi按集标记一下
8,满满的儿时回忆啊......
10,近些年有个词很流行，叫环大陆好评，那有没有环大陆差评呢？巧了。这个不就是吗！
9,艺术品无需多言，没有台词胜似有台词
8,这个不存在看没看过，只有一直在看
6,必定载入影史的经典作品，真正做到了老少皆宜的想象力和动画表现力巅峰的神级动画，也是无数人的童年经典
7,22/12/14这是神中神啊 24/9/26看了一些评论，反思了一下，降低2分。确实不该没看完就给这种制作人员变动极大的长单元剧打分，之前滤镜确实太重了，评分的依据也仅仅是看过的质量高的一小部分，全貌根本不了解。
10,我已经过了看猫和老鼠的年纪了。前几天回顾了一下，笑不出来，就看得很平淡。说实话挺感慨的。但没想到8.9都有人不爽，真是....bgm上最高也就9.1，攻壳很多人评价都是挑不出缺点的作品。要真拿它和猫鼠比，真不一定比猫鼠差。
8,没有片子可选的时候，经常去看汤姆，杰瑞。
9,当时觉得挺无聊
9,"惊了,mawen1250竟然压了这个的BDrip"
10,由于本人作画盲，且对剧情和价值观传播极为看重。从这两方面看。。。这不就是外国吸氧羊吗？？这么高评价表示理解不能，可能我对作画有所了解的话会改观不少吧
6,经典
9,看过当然是看过，不过看了那些鬼知道。。。
10,匠人精神
8,神作...
8,猫猫鼠鼠好基友
10,一直是在各种电视各种点播台上看的不知道看到哪一集了怎么破
8,补
9,猫鼠队大胜利！
10,好看
9,yyds
9,经典不多说
7,dsa
8,我绝对是没看全过。
8,是童年没错。。但是今天看了几集 完全看不下去汤姆总被欺负 抛弃了
10,读作Clannad，写作人生
3,前面真的是垃圾至极，到了后面才开始正常，其催泪情节真的是标准韩剧，对于那些对别人说：你现在还小，十年后再看。我的评价是：等你真的出了社会，就会发现这部剧闹嘛的本质
10,读作Clannad，写作人生。
10,gal改的典范，救赎与成长的故事。相比于前作，AS是麻枝淮式编剧的巅峰。
6,催泪冠军
8,你在他的位置做得还没他好
10,现在看来，这个就是galgame改巅峰的一部了。在不同的年龄看到这个时，总会在不一样的地方给予你感动。
9,不忍心再看第二遍的作品。我是真的没想到一把年纪还能被感动的痛哭流涕。
10,对我来说是神作，细腻的情感，学生期的胡闹到走进社会后的辛酸，很有感触，亲情爱情友情刻画的都不错，感人
10,cjb
10,看过3遍，给我带来的感动是真实的，在催泪治愈领域确实1姐，日本人描述亲情爱情友情这类的小格局还是拿得出手的 但感觉部分cl粉和key粉吹太过了
7,『79』本质上就是一个卖泪点的故事，原作我基本打不下去，个人认为差动画好多，京阿尼的改编水平一如既往的高，可惜了，认为还能对其中关于家族关于人文上更细致的探讨，最后的光玉太掉价了。。。不否认其中各种画面蒙太奇和色彩搭配还有音乐很值得学习
7,所以为什么能拿这么高分，不太理解，关于成长和家庭有一定水平的刻画，等10年后再评一次吧（如果10年后还没脱宅的话
10,10年前看完，现在已经有了可爱的女儿，CL这番和游戏已经不会再碰了，补个评分。
10,10
9,有机会再看一遍后半部分
10,cjb
10,看哭了
10,学会成长，学会理解，学会承担。
6,泪流满面
9,改变了我的人生的动画之一，让我重新思考了人与家庭的关系，带给我的意义远不止感动。
10,节奏很棒 比原作更催泪的番
10,神级制作，用前期大量平淡日常的铺垫，在最后几集通过不断的催泪情节，引起观众感情上大的波动。
9,gal改的典范，无需多言
9,看这部番之前泪点挺高的，看什么作品都没怎么流过眼泪，自从看到朋也和父亲对戏，猫在被窝里抱头痛哭之后，共情能力直接提升了几个量级，看什么都想掉眼泪了
10,人生最爱。
10,最成功的gal改之一
10,感谢我能够在人生中最为青春的这一段时间能看到这样一部作品 动画有些地方节奏有些小问题 但是完全可以被他优秀的地方掩盖过去 瑕不掩瑜 一开始我觉得我是带着批判的眼光去看的 看到基友线的叙事节奏出现问题 但是就看到这一个问题 已经后面对于结局的不解 了解后才明白 哦～原来是这样啊 因为老有人说cl催泪催泪的，而在我看来cl带给人们的更多是亲情上的感动 像渚的父母无条件的支持着渚 能够为自己的孩子抛弃梦想 换做是我我可能不会有这样的胆气 还有冈崎和父亲的和解 成为父亲 理解父亲 最后是冈崎和汐 一个小小的礼物就能让孩童永远记在心中 这时候才明白cl是人生的意义哇 当我看到渚的父母能为孩子抛弃自己的一切，说出来孩子的梦想就是我们的梦想 当我看到渚明明知道自己身体不适但又要把孩子生下来时 当我看到男主为了这个家一步又一步的向前迈进时 当我看到男主在渚离去 人生
10,当时看哭了
9,人生会有无数的故事，好好生活下去吧。
3,第一次让我感受到普普通通地活着的幸福
10,"Clannad是再一次改变我价值观，人生观的一部动漫，是唯一的，温馨到可以治愈一切的作品。我的泪点其实还挺高的，是不会轻易流眼泪的那种人，可是也没遭住最后几集的刀子。还记得只在高中看四月是你的谎言大哭过一次，以及看未闻花名大哭过一次。但其实这一次看Clannad，我是有心理防线的，因为我一直久仰游戏的大名，我知道前面可是""地狱""啊！但殊不知，我前面笑得有多欢乐，后面哭的就有多大声。这部动画粗看是""家庭""，细看却是""人生""啊。 在花海，女儿说""就要这个，因为是爸爸送的""，我绷不住了，但是只是流泪，没大哭。之后大哭是因为女儿说""能哭的地方只有厕所，和爸爸的怀里""，我忍不住和女儿一起大哭了起来。"
10,无法接受这样让汐强行死去的剧情安排，当年因为某些缘故没有看到ep22，以为汐的死就是大结局，现在即便补看了ep22，结局被改写了依然无法释怀，但是父亲那一段对我的影响很深刻
10,【补标】反反复复的刷过很多遍，每一次看都有新的感悟，随着年龄与阅历的增长，看不同的部分感受也不一样。麻枝准给的催泪核弹，配合京阿尼的顶级改编，在我心目中是毋庸置疑的神作。
9,人生之作
10,瑕不掩瑜
10,游戏动漫都已经通了，神作无需多言好吧
9,毋庸置疑的神作
9,补标。flawless masterpiece。京阿尼的改编真的颇具巧思，不仅拯救了樋妈的神秘画风，而且通过快刀斩乱麻的魄力，砍掉了原作中许多与故事主题联系不够紧密的分岔，如胜平线和AS二周目的秋生线。虽然作为原作党对剧情已经十分熟悉，但是还是被巧妙的处理手法所惊叹。唯一的一点瑕疵可能就是有些细节经不起推敲，但也可以说原作中同样存在这些问题，而改编者已经在忠实于原作的前提下最大限度的优化了剧情。CL的改编是传统gal改动画的教科书，将原作提升了一个档次，几乎没有能达到这个高度的改编作品。只可惜京阿尼可能不会再与key合作了吧……sigh
10,key的配乐和情感描写这块很突出，加之京阿尼优秀的改编，整体表现很亮眼，属于独一档的催泪神作。不过个人对角色的画风不习惯，加之前期剧情偏日常白开水，难以吸引我往后看，算是断断续续才看完的。
10,泪目神作
6,讲述人生的神作
10,这部番从十六集往后，才真正展现出它高分的缘由。最后几集对家族关系、父子父女情的深刻探讨，是全剧最打动我的地方。它既呈现了人生的风风雨雨，也让我们看到人间美好，尤其是家人之间纯粹的情感，这正是“团子大家族”的内涵。早苗和秋生的善良，汐的可爱，都令人难忘。渚和汐的情节虽然虐心，却也真实展现了人生无常。好在最后一集有了温暖的反转，留下无尽温馨与感动。OP和ED的歌词与剧情完美契合，OP里的吟唱，就像在娓娓道来这个故事。所以，勇敢去追逐幸福吧，不管结局如何，沿途的风景一定美不胜收。这是一部值得反复品味的佳作，每次观看都能带来全新感悟，无疑是一部满含爱的作品。 所以，勇敢去追逐幸福吧！不管结果如何，沿途的风景一定是美好的！我肯定会再看几遍这部番！
9,家人、亲情、人生，看完就是对这部作品的印象。不管看多少次都会感动的作品
10,经久不衰的旷世纯爱神作，ACGN史上的不朽丰碑。选择了正确的改编策略，并成功做好了混线改编——这在业界极其罕见。有有趣的日常打底，并基于日常的感情积淀使之后的感动水到渠成。第一季我鸡蛋里挑骨头都挑不出个缺点来；第二季除了原作本来就没写的有纪宁线小拉、同栖篇节奏过慢外也无大问题。观感相当舒服。-制作10音乐9.5剧情9.5人物9.5观感10加权总分9.6
8,仔细想想男主也挺fw的
10,在亲人去世之际看到了这部作品，某种意义上改变了我
10,个人唯一一个给10分的
9,不多说，二刷时眼睛疼的半个月
9,十集以前包括第一季比较垃圾时间，创作者的自我感动和按头逼人哭的强行煽情的创作意味令我很是尴尬；对渚难产去世的演绎是伟大的动画片段，情节本身在动画中少见、情节中感情的份量与重量令人震颤，深入骨髓的真情真悲是如此让人难以承受以至于只能一时卸下眼泪来减轻这沉重带来的窒息；朋也重新振作的桥段里颓废的那一部分实在缺少描写，与父亲的和解也拍的马虎；结局不多做评价了，总之潦草的感觉突兀的感觉实在无法无视。
7,无论发生什么，请不要后悔与我相遇
10,伟大无须多言
9,如果观众正处在适合看泣系的青春年代的话，那这部动漫毫无疑问是一个震撼人心的大催泪弹
9,感觉有点吹过头了……对我而言，其喜剧的日常能让人不觉得无聊才是最大的优点，和父亲的片段较有感触，写死妻女就有些乏味了
10,缺点打着现实主义的幌子讲了一个无比理想的故事，所有的悲剧只是因为命运或者说悲剧本身，每个人都像童话一样温暖，优点情绪流连贯，和解戏应该是二次元里面最感动的一幕，主角的成长塑造及其丰满完善，对这个温暖的小镇刻画到了极致，冲着什么悲剧虐心来看这个动画的话估计享受不到这种温暖的美好
10,我最喜欢的动漫
10,2025补评。很多年前看过的了，哭成狗的一部番。我记得前半部分男主开校园“后宫”的时候有些无聊，差点没有看下去，但是渚去世之后的情节实在是太感人了，汐跟朋也最终解开心结的画面路边的狗看了也得泪崩吧。
3,这个爹就非得和解不可吗还是用比烂的方式
9,一座小镇，一个家族，一生太短，回忆太长，写作CL，译作经典，读作人生！
10,莫名其妙的高分作品
10,神作，无可置疑的剧情，无可置疑的人设，无可置疑的感动
9,大地的尽头，世界的终结之处，是一只小小的手
10,伟大无需多言
10,之前我是不相信看动画也能哭的，直到CLAS的ep18，看完眼泪止不住地往下流。比起各种生离死别，最打动我的是朋也和老爷子的剧情：在老家的花田中，朋也找到了小时候的回忆，那时的父亲是那么温柔，可能现在也是那样，一直微笑着看着自己。此时的朋也，既是儿子，也是父亲，他终于感觉到父亲直幸那份笨拙但又沉重的爱，那是一个单亲爸爸能给予他的一切。即使CLAS并不完美，它仍然为我们讲述了一个充满温情和爱的故事。
10,11年时第一次尝试看，很无聊没能坚持看下去。十多年过去了捡起来看完了，还是感觉很一般，结尾仓促得实在让我没绷住。无法对这种破碎的生活产生共鸣，可能是我过于平淡吧，更能从热血中获得感动。
10,神作不解释
10,15时第一遍没看懂，25时好像明白了什么但不敢再看了。
10,一分扣给画风
10,非常优秀的美少女动画
10,神。
10,伟大无须多言
9,客观来讲，clannad的剧情有很多的既视感，尤其是后面渚和汐的剧情可以说是sp的扩大版（毕竟都是key社的作品）。不过让我没想到的是即使猜到了大部分剧情走向，这部还能让我感动流泪那么多次。也许是因为很少看到走向社会之后男女主的故事，又或许是因为渚的角色塑造太深入人心（对陪伴系的女角色完全没有抵抗力啊！），总之整体来看确实是部难能可贵的好作品（虽然也是具有gal改不可避免的诸多毛病就是了）。没想到的是最喜欢的角色除了渚之外竟然是渚的父亲。虽然很难用只言片语描述出来但是他真的好有人格魅力啊。此外动漫里的角色除了应剧情需要的足球社其他放到显示都是超级好的人，群像塑造也没落下，clannad确实值得那么高的评价
9,生活还真是无趣。
10,有了第一季的铺垫，对各个人物有了较完善的认识，第二季在补充完剩下的角色故事后（同样感人），正式开始after storyd的故事。也是最催泪的一条线，从结婚，憧憬，到挫折，堕落，再到回归，再到最后的失去，最后洒满光玉，带来奇迹。最普通的人生，最极致的共情。花田重拾，任务完成。刀和奇迹，汇聚成情感的长桥。还有bgm《潮鸣》神中神
10,mawen1250；前八话还是校园内的故事，虽然制作水准持平上部，但是三十话左右的校园篇看到后期确实会有点疲劳；第九话逐渐从校园内过渡到校园外，由此跳出了校园恋爱番的窠臼，对求职工作、组建家庭、婚育、亲子关系的细腻刻画赋予本作更宽广、更深远的意义，上部若隐若现的小镇轮廓在本季完善了不少细节；小镇可看作社会的片段或缩影，而小镇的变化与家庭的甘苦又相互勾连；对“家庭”这一主题的探讨也不再局限于原生家庭的呵护或创伤，而是朋也和渚亲自扛起家庭的重担，感受幸福也历经苦难，既是为了所爱之人承担起养家糊口的责任，也是把古河夫妇的梦想传递下去；人物塑造更进一步，朋也从吊儿郎当的男孩成长为成熟稳重的男人，渚的外柔内刚在本季更加明显，原本纤细敏感的她已不再轻易流泪，内敛的情绪、克制的表达让观感有了质的突破；对我来说光玉的设定还是太过梦幻，即使铺垫已久到最后也没能完全接受
10,属于是为数不多 差点哭出来的动漫
10,伟大无须多言，父亲篇和兄弟篇给我看哭了
7,"94/100,无敌，有温度的动漫，对亲情的描写顶中顶"
10,唉，男主真的太废物了。虽然也是可怜人…… 小萝莉可爱，这么乖巧的小孩子真是可遇不可求啊（笑） 京阿尼改的真的蛮好的，我很喜欢这种淡淡的忧伤的感觉。
1,最平淡的劇情，最真摯的感動
10,烂完了，先说观感，前三十六集校园剧情纯纯折磨，几乎没有任何讨论的欲望，毕业回归现实打工上班观感好了些，渚死的时候感情渲染得也很好，刚以为要开始封神，到后面剧情又开始烂了，铺垫了两季的父亲伏笔只是点到即止，就是安排男主奶奶念经抒发一下父子矛盾，最后8集剧情发展非常仓促为刀而刀，结局包饺子剧情转折生硬，很有烂尾的意味，那些女配角女后宫不知道存在有何意义，剧情里配角塑造简直发指，只有风子琴美是有完整的线，而智代杏只用一集平行世界线糊弄糊弄，椋就是凑热闹一集都没有，搞得整部剧就像个半成品，女配前期只负责发情，本来就没什么可以看的剧情，后期又挂机隐身，存在感几乎为零，不知道是作者全忘了还以为是剧情里全死了，代表就是风子汐活的时候出来贴贴卖波存在感，汐像条也勾死在路边的时候又不知道去哪了，总结就是有一些优点，但缺点更多得多，9分佳作10分神作，cl只够勉强8分
9,越老越不想看催泪番，还是补个标
6,影响人生啊
10,毫无疑问，不可撼动的地位，永远的神作，写作Clannad读作人生，不敢再点开这部动漫了
9,一部不错的作品 确实 恰到好处的bgm 面面俱到的人物 最让我飙泪的其实是摆脱自己颓废和父女和解 还有理解父亲那边 当然这也就对应着我对结局解读的不同 给九分 一分是扣在结局 也许世界并不能用奇迹来概括一切 有躺在雪地里的汐一般的执念 有着光玉给人带来幸福跟温暖 但这同样与现实狠狠的割裂开来 也许这是重返一段历史 也许到新的历史里获得了成长 也许那些痛苦的回忆还留在脑海里 但是不变之物不也是那样吗 改变的在改变 然而那不变的就是那悠久的日常 光玉让在雪中在爸爸中怀抱的汐醒来 两个人坚强的带着幸福跟已死之人的信念 坚强的生活下去 这也许才是我想看到的结局——《Clannad》
10,多次泪目，确实很好看，也很治愈
8,真的是人生吗
10,在相对平静的日常之后，京都为我们最大化呈现了key社对人生的思考，不管是细节的选择以及作画水平都是登峰造极
10,泪流满面
9,初一啥也不懂的时候看的，对我的人生价值观起到了一定的塑造作用。时隔5-6年仍然不敢二刷。因为鼠鼠我啊一听到音乐或看到相关视频就条件反射流泪了?。
10,前边十几集全程快进，最后十级看一集破防一集 有女朋友了一定要和ta一起再看一遍 音乐真神
9,很多话想说，但是不知道该怎么说。算是拯救了我人生的动画和游戏。从那时的废柴到了现在的饱满生活，日子算是过得不错。谢谢你clannad
9,芥末，掉眼泪
10,蛮令人感动的
10,毋庸置疑的优秀
10,泪
9,看得我眼泪哗啦啦地流，音乐演出文本全部超神，就是没玩过游戏我真搞不明白为什么突然就进好结局了
10,深思熟虑之后，我写下了在bangumi的第一份评语，也是我认为最重要最值得去写的评语。 对于一位00后来说，clannad是一部我心中唯一能达到10分的神作。我曾问过自己为什么那么喜欢cl这部作品，而我的回答是：最好的cl在最适合的时间遇上青春的自己。你还记得最开始看番的初心是什么吗？cl对于我来说，就是在弥补青春校园的快乐，就是在展望未来忙碌的工作，就是在享受家庭生活的温暖。当所有一切美好化为尘埃时，没人不会为之所动容。爱是高维度所产生的奇迹，爱能改变人的一生。当我看到朋也的父亲和朋也走在相同的道路上时，所有的感情到这一刻引来爆发。当冈崎汐倒在雪地时，我似乎能聆听到自己心碎的声音。 cl就是陪伴我一生的神作，当团子大家族出现的那一刻，我一定一定会想起坡道前那个踌躇不定的古河渚河一直在鼓励她前进的冈崎朋也
8,写作CL，读作人生，但人生远不止CL，感谢遇见，感谢陪伴
10,我一定会补票游戏的
6,今后无论遇到什么事情 请不要后悔与我相遇
6,认识到何为担当，让我思考今后该如何前进。即使现实不尽人意，也要坚强地走下去
9,高中有次假期时花了好几天一口气把cl全看了，很难的有番是真的可以把我看哭的，尤其是父亲那段，感觉写的太好了，人物的情感让我可以真切的感受到
10,催泪的巅峰，幸福的诠释，家族的力量，生命的赞歌
10,好看爱看，看的时候哇哇哭
8,人生之悲惨如此，人生之美好如此。
8,确实是真神，看到女儿和朋也的对话真的很难绷住，团子大家族也是听一遍泪目一遍
10,感觉做到走出阴霾和女儿和解那块就好了，女儿死的剧情完全就是为了虐而虐，为赋新词强说愁，最后又强行包饺子，最后三集完全就是累赘，也没必要强行引入超科学的因素，普普通通讲诉感人的故事就行了，总之在我这算佳作不算神作
10,"后劲很大。小2萌新一开始觉得就是普通校园恋爱，结果After Story直接把人刀傻了。朋也从一个吊儿郎当的高中生到扛起家庭责任，这成长太像现实了。。渚生病那段我哭得比当事人还惨，""团子大家族""这歌听着明明很治愈，到后期直接变ptsd催泪弹。京阿尼把Key社的剧本优势发挥到极致，小镇四季变化美到窒息。唯一扣分点可能是前期日常略拖沓，但熬过去就是封神！看完之后看其他催泪番都感觉差点意思."
10,太温柔了这部作品 整体看下来只有给我治愈方面的神作感觉 无论是小渚瞬间答应朋也的求婚 还是后面朋也跟父亲的神回，看过多少次也让我难忘，感动或者流泪 音乐方面也是神中神 从配乐到op 结尾都十分优秀 我认为作为一部动漫已经优秀全面的不可挑剔了 总之还是神中神 先暂且说到这里吧
9,相当催泪，少有地把校园恋爱讲述到婚后的故事。前期延续了本篇的欢乐，中间陡生变故泪崩数集，后续发展不敢置信，麻木到甚至哭不出，大团圆结局时不知为何心有戚戚感动到哭成泪人
10,感动
10,无需多盐
10,希望麻子能跳出公式，整点新活。
7,看哭了嚯
10,治愈独一份
10,看完倒数三话人直接麻了，压根挤不出眼泪只有无力感
7,bangumi分给高了。
9,在动漫中寻找现实，却又在现实中从动漫寻求慰藉
10,非常不错呀
9,多久没哭过了.......
10,9.6，跟第一部比上升了几个档次
10,心中的神只能这么说。
8,gal改的天花板神作，动画所表达的希望在一个平凡小镇下幸福地生活下去，很符合日本人的当代价值观。 后半部离开学校踏入社会一改前作的整体校园日常基调，在现实命运的世事无常的造化弄人下，整部番的气氛与情感随着剧情不断推向层层波澜的高潮。麻子将人物的情感刻画得尤为细腻，令人共情。说实话作为石头人，催泪向对我大多都是免疫的，但看到后面我虽然没掉珍珠，但确实难绷。配上整部番的日系作曲配乐将情感氛围烘托到极致。这是一部各方面拉满的一部作品，也代表了京阿尼的最高水准
10,第一次看哭的番剧
10,一部无法打分的作品，小时候看现在看都会哭，但是我并不喜欢冈崎朋也这个角色，导致按现在眼光和大环境下cl的内核一定有诸多不能细想的地方，但是ep18还是把我折服了，高雄统子的演出一战封神
10,从情感冲击力的表现上我只服你和恶魔人cb，最后那几集谁能顶得住啊，这么多年过去了，这些新动漫能不能好好学学
9,看完自闭了一个晚上
10,伟大无需多言 第一部让我落泪的番
7,感受不到时间的流逝，于是情感也很难积累了。
10,10分。我对纯催泪向的作品其实并不感冒，从第一部开始追起到第二部已经看不下去了，重复性有些强了，所以前半段其实全被我跳过，直接跳到最终章（就是为了这碟醋），当然，最终章无疑值得这个分数。
10,不是，谁给刷到第二了
9,催泪神作
10,没什么好说的，对于亲情，爱情，友情，各方面写的都太好了
9,我爹
10,最喜欢的起承转合包饺子
9,半推半磨，小时候草草的看了几集没有继续看下去，长大后沉下心看完了，自己环境的问题让我在看朋也和父亲的桥段剧情也是有所触动，麻枝准的音乐确实顶，每次看完一集，再看下一集的时候op依旧感觉很清新，说不出什么靓丽的辞藻，总之cl是十分不错的佳作
10,? 单纯的人生，单纯的难
7,如果当初我打开的不是EVA而是CLANNAD就好了
10,无论多少次，原初的感动依然还在
10,9.1/成长也许是一个过程，但真正的成长定是你意识到自己已经长大的瞬间
8,校园部分和丧妻部分割裂感很强，校园部分要做完各个黄油支线的碎片感超强，我当年初看甚至都不知道本番想讲啥。人物塑造即便设定俗套但催泪和青春纠结也还是蛮细腻。后半剧本也很感人，综合还是名作水准。
10,能排第二还真不是虚的
10,哭过，爱过
10,原来是这样
9,时间过去太久了，因为当时也就是一般喜欢所以想不起来多少剧情，整体的印象是很悲伤
9,过去太久了，都是熬夜看完的，记不太起来了。 或许现在已经没有再看的心情了
10,大概7、8年前看过，只记得后劲大得一批，疯狂找相关音乐、小说、游戏补全整个故事。准备找时间再回味一遍了。心中永远的神作。 评分：10/10
10,9.0 属于是key社和京阿尼的双向奔赴下创造的奇迹。有一说一，春原兄妹线说实话感觉挺烂的，真正来感觉还是要等校园篇结束之后。看完能不落泪也是神人了。
10,有太多能说的，以至于没什么好说的，个人心中的神作
10,眼泪拿去吧
10,完美补全升华整个故事，两季50多集的制作，让这个故事成为了动画历史上难得的佳作
9,毫无疑问的神作，对于家庭的描写深深刻入了正处于与家人不和的时期，虽然我的人生不是闹麻了的辍学电工，但我的人生一定少不了家人
10,泪点感觉并不是都刀也有感动的时候，cl不一定是刀番，给我更多的感觉是命运的不公和内心深处的情感
10,父亲线真的给我刀惨了 太感动了
10,它平静地打动人，像我们曾经发生，身处彼处，所以对故事感同身受。/经历了很长时间，从读完游戏到看完两部动画，期间有过不同的人生经历，我越发感受到，认真观看需要一颗平静的心，庆幸现在的我是沉静的，空荡的情感适合对故事心神激荡。 言语无法描述这样的作品，怎么写都词不达意。它简单、静谧，又哀伤、激烈，时时想到为何产生这样之大的情感共鸣，它那么普通，那么像一个普通人曾经历的。那个不学好的少年，那个不自然的少女，我们像目睹了什么，对他们的心事、故事，对相逢、相识、相伴，对成长、成家、成熟。 似乎并不适合太夸张的吹捧，与这部作品的气质太不相符了。 这是美好、普通、相信的故事，它讲述了一个朋友的成长。
10,比起第一部的日常，after story的故事相对饱满，观感更好。cl简直就是人生写照，小镇家族就是这个社会的小小写照，以人与人的故事推动剧情发展。朋也的一条父子线，一条父女线以及与其他角色的日常发展，cl并没有什么让人热泪盈眶的故事，仅仅就是因为他讲述的是日常是每个人身边的故事，所以才会促成他神作的地位吧。
9,gal改巅峰。
10,补标
10,【补评】没看过cl的人生是不完美的
7,唯一看哭三次的动画。
9,这番，老甜了
9,第一季前前半部分给人一种闹麻了的感觉，但是后半部分确确实实神作。
10,争议很大的一部作品，但个人很喜欢
10,现在当了父母，再去看，估计是另外一番感觉吧。学生时候不好好读书，长大只能当电工，老婆女儿生活也得不到保障。
9,带我脱离了现实的黑暗 这就足够我打满分了
8,前面幾集看得真難受，京阿尼式改編有時真的難以理解，後面幾集痛哭流涕，小汐太可愛，光玉的回收滿分，跟石原和解了
10,cl最让我感到膈应的就是男主，无论是当爸还是当学生，共情不了一点，莫名其妙，他爸和男二的刻画比他要好得多得多
8,うれしいこと 悲しいことも 全部まるめて
10,读作cl，写作人生
10,神作
10,感觉无需多言了，这是我眼睛手术后第一个看的动画，给人一种很治愈的感觉，能让人产生最美好的情感，if线的智代虽说只有一集，但是十分优秀，一点也不拖沓，感觉跟看了一部电影一样
10,clannad一生推
10,年纪越大越不敢再看一遍
10,after story才是站在第一部肩膀上的超神之作，永远的感动，来自东亚人根源的细腻与温情。
10,无需多言
10,无敌的，无需多言
8,很不错
9,倒数几集虐的我心里难受 好在最后用设定圆回he了 如果不知道是he我可能会看不下去吧
8,20241121 被剧透很多以及不要哭挑战降低了我对这部片的评价。以现在的眼光来看，CLAS无疑是存在很大的结构性问题的，gal改通病的每条线切成单元回，导致和原定主线割裂。 一些设定似乎在动画里没讲清楚，例如光玉，以及最后怎么复活。 还有建议大家都去医院正常分娩。 全篇做得比较高光的就是父女旅行这段，除此之外其他的只能说是普通，虽然亲情故事我确实比较吃，也流泪了好多次，但是不能依次为由认为他是一部神作动画。 另外 ，社管和猫猫的故事我也喜欢
10,不赖
10,只要未来人没有被时代发展异化，这种能表达最朴素的追求幸福家庭的愿望就不会过时。
10,【8.7】堪当力大砖飞的标兵。想把狗血校园篇打包扔掉，小镇降下恩典都显得沁脾。让死水泛起涟漪的，让朽木守候潮汐的，用变化的日月洗去暴戾、孕育出新鲜的血肉；新苗当然不会有悔意，伴着它才终于蹒跚着辞别逡巡的光坂。隔岸观火，倒也幸福。
10,当之无愧的神作
10,算是入宅作？没有第一季的日常铺垫也不会有第二季的感动，不集光玉怎么出HE？只能说从不后悔这一相遇
10,直到现在，我仍然喜欢这部作品。
8,www
10,业界gal改的标杆。再来做一条完整的智代te就好了（主炮党已泪目V_V）
8,曾经我总是大喊cl是人生，可当我经历的多了以后，我只觉得当初的自己太年轻了，经历的事太少，回过头来看，我承认，我依旧觉得这是部感人的好作品，但可惜这不是人生，至少不是我的人生。
10,不知道说什么
9,承包我十年的眼泪
10,"能哭的地方,只有厕所,和爸爸的怀里。"
10,必须满分
7,我永远忘不了看完大地的尽头以后哭的停不下来的我一边擦着眼泪一边走回学校的那个下午
9,第一部启示我何为人生的动漫吧 神作无需多言 治愈催泪向的top1 写作Clannad，读作人生
10,被光玉环绕着的小镇，被奇迹拯救的冈崎一家
8,8.8第二季前面很一般
7,还是亲情最能触动人心
9,有幸遇到你，真正改变了我的人生
10,永远忘不了
10,写作clannad 读作人生
10,“能哭的地方只有两个，一个是厕所里，另一个是爸爸怀里”“nagisa……nagisa……nagisa…… 汐：爸爸…… 朋也：为什么连你也哭了啊。抱歉，因为回忆起了妈妈的事情……好了，那就继续说下去，妈妈她那时想要演舞台剧……渚，我找到了，终于找到了，唯有我才能守护的东西，唯有我才能守护的，独一无二的东西，那东西，就在这里啊”“已经可以了，你做得很好了，现在轮到你哭了，就算你撑不下去了，还有我撑着你，直到你哭够为止，我都一直陪着你，所以，已经可以了”“已经...可以了吗，我完成使命了吗””非常爱哭的人，但是，很努力地把汐生下来的人，还有，她是爸爸非常喜欢的人“ 团子大家族！（风子真的是回血包hhh）
10,（三周目）我很讨厌用人生来形容本作，它并没有这般厚度来支撑如此复杂的描述，但其的确影响了我深久，回过头看，于我的意味又岂是几百字便能阐述的 //22.4.24//22.8.12//24.12.11
9,无需多言，超神作
10,神作，剧情其实不是那种非常经常的，但是平淡的日常才更贴近生活啊。小渚生病那段没能让我难受，但是朋也和父亲那段让我恍如隔世的隔世的感觉。痛苦不能让人哭泣，爱可以
10,触及心灵深处就是好故事，一次看动漫刀子进喉咙的体验，再也无法点开第二次
9,最成功的gal改之一
10,神作
10,为我带来感动的作品。在接触cl前，我以为自己是不能与催泪番对上电波的，但是clas改变了我的想法。
10,很多地方都很打动人
10,虽然我今天总是黑cl，但不可否认as动画是最优秀的gal改动画，我爱京都动画与麻枝准
8,演出很好，但是剧情某种程度上让我厌恶
10,有人说cl只适合入世不深的，对社会抱有幻想的青年人看的，实际上无论哪个年龄段看完cl后都有独特的感受。永远的神作，无论何时，请对生活的美好抱有希望！
10,从许多方面来说都很优质，完整讲述了一个关于“人生”的爱与离别、曲折、希望与奇迹的故事。画面给人印象深刻。总而言之是一部少有的看了能让人变“成熟”的作品。
10,人生作真是个恰当的形容啊。因为题材的缘故（二次元中少见的现实系题材，这类题材作品较少也是本作突出的原因吧，还带点奇幻元素），很明显，本作在学生时代，步入社会时代，为人父母时代观看都会获得不同角度的不同程度的触动，在某些时候确实可以当作人生的“参考书”“提词器”“警示牌”，虽尚存些改编带来的不圆满之处（gal改特有的串戏和情节切分），但同时具有着纯粹的美好，透彻的感动。（两个touch points分别是富有表现地刻画了刚步入社会时的危机感和责任感，还有就是小汐的乖巧可爱听话懂事太犯规了）
6,催泪还得看key社，剧情音乐画面都可以～☆（音乐加成大
10,如果没有光玉，朋也的一生，何尝不是一种《活着》，但幸亏有光玉，奇迹带给了这个小镇，这些人们，无限的美好。
9,难怪开头都说clannad是感动不是刀，我看的时候寻思渚都没了，汐也没了，说不定下一个就是男主了，编剧一刀一刀的砍我，越看越像是压抑下脆弱的温馨，结果最后一集导演做人 反转了，举起大刀的手轻轻的放下了，很触动心灵，以及happy ending，好！！！
10,好看，爱看，几条线展开后出人意料的催泪，父亲线、女儿线超级感人
9,看哭了
3,伟大，无需多言，如果这辈子只能推荐一部动漫的话，我会推荐CL
10,班固米笑传之冲冲榜
10,想起自己初中的暑假熬夜看完，一个人窝在房间哭得非常厉害，妈妈还问我是不是有什么心事，哈哈哈哈，非常感人，第一季只有后半段哭了，第二季基本从头哭到尾呢
10,真神
10,人间余烬里，珠泪始分明。
10,列车上朋也跟汐讲起妈妈时，眼泪再也止不住了
10,一部完美的动漫，感谢staff们的精心制作
10,请不要后悔与我的相遇
7,动人的催泪作品，在初中的时候就看过了一次，但是当时没有挺大的触动评，只是主角挺惨的。而在大学又一次重温之后，才懂得了里面的动人之处，写作clannad，读作人生，主角也像小时候一样，单亲父亲一个人抚养孩子长大。 文笔不够，总之就是很感人啦
9,早年间哭的稀里哗啦 现在套路见多了 如果重看可能没有现在这么高的评价 不过我就是喜欢简单粗暴的强烈情感输出
10,8.6/10.0 现在，我沦为当事者
10,少数几本看哭了的
10,心目中前三的作品，让很难流泪的我哭了整整一个上午，第一季的铺垫让第二季的情感完全的宣泄，完全真挚纯洁的亲情爱情友情，使人永远不会忘记了
10,看哭˃̣̣̥᷄⌓˂̣̣̥᷅
9,家庭永远是人心中最柔软的地方
10,游戏动漫都刷了几遍了，唯一一部看哭的番且每次刷都会哭，带给我最大的感动，来补个好评
8,神作
7,clannad是我看过描写亲情的最优秀的作品
10,看前：我倒要看看有多催泪 看后：哭成胖头鱼
10,好的动画，真的能改变人。
9,"哭麻了,對大多數人來說,親情是最大的軟肋和淚點 這就是人生啊"
10,理想又美好的世界。是二次元与现实的完美融合。 生活是美好的，即便充满悲伤与泪水，也别忘了那些陪伴你成长的人。 所爱之人之所在，就是家。 爱总是相互的，千里共婵娟。
10,唯一让我不舒服的是关于杏姐妹和智代的剧情设计，以及男主的肩膀真的废了一辈子
10,在男主毕业之前的有些篇章看不懂是想说什么，全靠后面提起了观感。
9,这部的优秀主要归功于麻枝准在渚线的深厚笔力。我觉得，一个好的故事是一定要写出角色的成长的，而渚线中的朋也就历经了从学生到员工、从孩子到父亲、从新人到鳏夫的故事，心境随之转变，此类变化都是看在眼里的。我认为cl好看体现在，朋也在渚的去世之后因为汐，从颓废迈入新的生活，也因为汐的乖巧懂事，在她一次次询问关于妈妈的事情中，又不由得瞩汐思人，强烈的感情被阴阳两隔，落泪之处往往就藏在那些本以为习惯却因为人已不再的怅然之中，我总是不知不觉就在何处落泪，恨命运不公、恨所爱之人接连离朋也而去，恨父女新建立起亲情的羁绊却又如同之前被残忍分离。虽然第二次所爱之人的离去前文也有暗示，还是能品出剧情刻意的导向。靠设定里的光玉，朋也终于能体会到家庭美满的幸福，虽然这设定我一直没看明白，但是动画是给人带来希望的。这就是为什么我虽然爱好悲剧，但我希望都能有一个happyend
10,读作人生，写作爱与责任
10,伟大，无需多言
9,此中有真意，欲辨已忘言。
7,无论剧情对于现实来说是否真实，但他带给我们的感动是实实在在存在的。
10,答应我 别死好吗
10,gal改巅峰，心中无可否认的no1
10,真的是神作，看番以来哭的最狠的一次
10,哭昏了......
10,让人感悟家庭的温暖
8,Nagisa！！“请永远不要后悔与我相遇”
9,Not my type
10,记得后面挺意识流，总之音乐好听
10,看了一整晚没睡，感觉亲情爱情总有一个能打动你
6,2024-09-15 剧情独立出来看，真的好感人啊呜呜哭
10,感情和氛围渲染的很好，略微慢热了，九分加cv演出一分，鉴定为超神作
1,对于被高估的作品，我都会出手制衡
9,血肉渐渐丰满，我渐渐能从番中找到共鸣。Clannad能渐渐编织出内涵我由衷的舒心，这才有神作的感觉。细腻的情感，足够发人深省甚至铭记的内涵，出类拔萃足成典范的特色（我认为能将人的一生用剧呈现而又不浮于流水是她的传奇之处）可惜人物关系递进，日本传统的混混及很多人的人物设定仍显庸俗，催泪弹（可能个人原因不刀）也算不足之处        血脉，家庭，命运联系着一生。真是奇怪荒谬的感觉，这更是一种血脉的延续，是守护的接力啊。幸直守护朋也，朋也守护汐。可能未来我也需要去追寻需要一生去守护的东西啊……        命运真是待人不公啊…… 神作clannad，因感动而泪目，从未看过如此温暖的动漫....长长的坡道下，一跟就是一辈子……已经可以了吗？我已经完成了自己的使命了吗？......孩子的梦想就是父母的梦想啊！我们的梦想就是你的梦想可以实现啊！所以哪怕辞
8,补标
7,少一颗星给游戏
9,无需多言
10,（说不出话）
10,在那小镇上，充满回忆光点的花海，你我走在其中。 写在前面，我讨厌这种魔幻现实的东西，每次都要靠机械降神才能扭转局面挺无感，设定老套而且很多不合理，番外的杏篇简直就是垃圾 梳理全片也不过是 对未来： 幸福的探索 对过去：不逃避实诚的面对 以及对成长阐释和记录（回忆） 不太喜欢的作品
9,画面有点包浆，剧情不错。日式青春后的日式人生（  对我来说，它的描写有种隔离的艺术，那种久远的像是秋天清悲的回忆，我觉得这是非常棒的acg的“人生”了。下次遇到这种感觉还是在玩秋之回忆4的时候
8,绝对的神中之神，曾经我因为很多人评价说太过催泪而以为是那种为了刀而刀，为了虐而虐的番，还有那在现在看来比较难接受的画风而选择不看，再到后来偶然间静下心来看了几集，最后获得了洗礼，而after story比起校园篇，虽然更刀，但这才是这部番得以区别于其他校园青春恋爱喜剧的最大特点，他详实的描写了爱情生根后该如何面对生活的问题，也让我学会了我该如何处理和父母之间的一些联系，可以说这部番是我在人生岔路口的一盏明灯，指引了我日后的一些方向，他几乎改变了我，在我心中没有任何一部番能在这方面与其相提并论
10,已经，可以了吗？ 我已经，完成了自己的使命吗？
10,我喜欢的动漫基本上都是好动漫。
10,神作，无需多说
10,可能是一部在人生不同时期重温都会有不同味道的好作品
9,神作
10,很温馨很温柔
9,人生 某种意义上也改变了我对动画的观念
6,阳平和大姐大的篇章过于拉跨了，不过毕业离校后对于生活感的塑造实在顶级，情绪宣泄张弛有度有一种克制的美，如果是十年前的我在不提前了解剧情的情况下补番估计会真的半夜爬起来在厕所里哭吧
8,第二次看还是有不一样的感觉
10,伟大无需多言。
10,催泪天花板
10,永远忘不了刚看完这部番的那个夏天，治愈了我内心的迷茫和孤独，让我大踏步迈向那个未知的未来。
5,写作CLANNAD，读作人生。
10,哭麻了
10,cl是人生QaQ
7,好多年前看的惹，每次看到都会想哭，上次听到隔壁放团子大家族，人还没反应过来就开始掉眼泪惹（泪点低的嫌弃自己
10,有种动漫里的《红楼梦》的感觉，第一次接触这种开头很无聊，日常琐事的番，但看到某个转折阶段后，就开始了不是很强烈但就是会被吸引的感觉，跟我最近看红楼梦的体验变化趋势差不多。 总算是知道虐的地方在哪里了，但好在还有点科幻元素，能Happy end结局，幸福的瞬间，心里确实疏通了许多。
10,远不如游戏沉浸感
8,写作clannad，读作人生
9,对我来说可能是9和8之间的档位，但还是选择了8，尽管有人说CL的故事闹麻了，随便去县城找个职高看毕业名册都能找到一堆。但这种片子不正是需要一些充满了遗憾的现实感作为作料，奇迹才显得令人感动吗。另，本条评论仅针对Clannad，并不对非职业雀士麻枝准先生的其他作品有效。
9,瑕不掩瑜的催泪神作，gal改动画的巅峰
10,胸口被一片空虚压迫，让人喘不上气，那感觉刻骨铭心，后劲之大，难以忘怀，一次独有的体验。
9,人生是不断地在爱中相聚，在泪中相别
10,故事叙述没啥问题就是感觉有点无聊
10,神回频出！京阿尼对于clannad的态度决定了本作极高的评价 出色的叙事节奏以及即使年代久远也看着顺眼的画风是我给高分的理由，当初让我玉玉了很久
10,cl或许不是你的人生，但它可以是某个人的
10,"概念神麻子的巅峰之作, Key 四部曲之春, 名为人生的催泪弹"
10,"看番5年，唯一让我落泪的动漫 雪中智代雨中杏，樱花树下古河渚。 图书馆中小琴美，资料室里有纪宁。 春原兄妹路边走，古河夫妇店里忙。 海星风子随风去，花田丛中冈崎汐。 一座小镇，一个家族，一生太短，回忆太长。写作cl,译作经典，读作人生。                    ——致所有热爱clannad的人"
7,唯一真神
10,和父亲的和解那段无敌了，在我心里是并列历史第一的演出。
10,第一部让我爆哭的动画
6,麻子泣系作品中集大成之作
9,虽然大部分改编不尽人意，但是18话旅游回程讲述过去时的改编有超过原作。 动画把很多东西讲太明了，就如原作中的一句台词，一些事挑明了就没意思了
10,汐˃ʍ˂
9,gal改top1，深刻探讨了亲情与人生
10,讲到后面父母与子女的剧情还是忍不住哭了，就是最后讲两个世界合并?那段感觉讲太快了没搞清楚，转个场就复活了
10,补票，毕竟也是做了mad的作品。
10,好久没哭过了，从14集开始一直哭到最后，最后看到一家人一起的时候，发现屏幕后的自己也在咧着嘴在傻乐
8,[8.5] 经过前几集路线的最终回收，终于进入正题：步入社会，说实话有关社会的描写在我见过gal类作品里这是第一次……// 完结撒花~ 总结CL两季动画，几个单元篇章（除了第二季前期的两个）单拿来看都不错（有些可以说非常不错），但以动画的形式连在一起到第二季结尾反而有些微妙了，但游戏听说需要全通才能抵达TE，这些剧情还是需要想办法塞进来，只能说尽力了？ （这也是对第二季结局感到微妙的原因之一，男主一家受苦太多，而其中原由因剧中并未解释清楚，在妻女死后很快进入HE性质的TE，这个饺子不是好不好吃的问题，是出现的不明所以的问题w）// 饶是如此，CL在关键时刻调动情绪的能力依旧无比强大，麻枝准确实有一手。总结下来，CL动画在我看来完整性有所欠缺，但单元篇章讲故事的综合能力很强，其中的感情谈得上“深度”一词
8,ep18、19两集是绝对的超神发挥集数，把亲情和温暖完美呈现出来了，ep21和ep16这两集的发挥没到神级水平，多少还是仓促了些。如果这一季从朋也毕业开始讲到结局我可能会给更高些，但如果算上前面两个支线就给不到了，1-4集真是闹麻了拉了很多观感。很可惜的一点是看完结局我还是没看明白这个世界观下有关幻想类体系的框架，光玉我也没看懂到底是怎么回事，可惜了，如果能把这个设定逻辑讲出来就好了。 对比下高潮回和整体水平的话，星际牛仔我都打了9分了，那你还是去8分呆着吧。
10,很多人会喜欢第二季吧，我能理解，但第一季的麻枝准日式笑话发挥的更多，第二季严肃起来了，剧情上没有第一季那么轻松。 不过看到冈崎朋也他们没有忙于学业最后也能高中毕业就找到工作兢兢业业，让我感受到了爱岗敬业，职业没有贵贱。对升学到大学没有那么恐惧了也是一个人生开导。当然我也明白无贵贱是不可能的。只是一定程度上消除了恐惧。
10,10 //动画生涯的第三滴泪。麻枝准主笔的剧情融合上京都动画的精良制作所呈现出来的这部作品确实无愧于最强gal改的称号！前8集的单元剧梦回看第一季时的枯燥感，之后的几个单元剧比前8集的质量高，特别是朋也从学生步入到进入社会这个阶段的描写。“能哭的地方只有厕所和爸爸的怀里”这段深入我心。结局的处理说不上多神，但我确实非常喜欢，“无论发生什么，请不要后悔与我相遇！”
10,我并不是完全的喜欢所有，而且有很多cl?，不足的地方，不允许提出来，真恶心 个人排行：角色线 渚 美佐枝，风子姐姐和姐夫 春园，琴美，风子 有纪宁，智代 杏
10,好看
10,在最感性的年龄遇到cl真的是种享受 静下心来，感受动漫，或许只有真正体验过生离死别，真正感受过生活，才能产生最深层次的共鸣吧。虽说因人而异，但看cl不看第一季有点草率了。共鸣是需要过程的，煽情是需要铺垫的。如果只看某个选手的成就，那么他算是一个传奇；但如果看到他为了赛场和冠军的决心而辗转各队，他的成就会更加耀眼，征战赛场的时光会更加打动人心。另外，看番还是要回归初心，如果带上有色眼镜和特殊目的性，那无异于是在浪费作品。 2024.9.19补 曾经的欢笑变成了不堪回首的过往 最终无数的细节铺垫化作利刃刺入观众心中  从欢快到深沉，再变得灵动的音乐成为了观众情绪迸发的助燃剂  “无论今后遇到什么事，都请不要后悔与我相遇” 理想乌托邦的时光轮回是对观众最大的慰藉 作品以最天真，最活泼的风子结尾也是这美好世界的隐喻 庆幸人生中遇到了cl
10,最喜欢的番剧没有之一
8,虽然是偏日常的番，但感情却最为细腻，亲情爱情友情的融会贯通，人的成长就是这三样的变化，正是这无比捉人的感情描绘出了主角作为普通人的一生，所谓写作CL，读作人生，便是这样来的吧
10,哭得稀里哗啦的
9,9.9
10,有幸在10年前看了这部番，对我的影响很大
10,剧情上过于无聊，为了某些催泪效果使得故事与人物的塑造几近扭曲，某些剧情完全为了催泪服务导致了很多不协调感。总的来说催泪效果是有的，感情线塑造不佳但是感情的塑造是好的，虽然不失为一部不错的作品，但是被捧得过高也是实话。
9,无需多言的伟大，一部对感情刻画入木三分的好作品
2,如果能加长篇幅的话观感会好点
10,“写作CL，读作人生”，这句话确实有道理，看了CL你就会知道人生的时间是多么的宝贵，不应该浪费在CL这种垃圾上。
10,无论发生什么事，都请不要后悔与我的相遇
9,祸兮福所倚，福兮祸所伏。
10,催淚神作   會想再看第二次
9,一座小镇，一个家族，人生太短，回忆太长。写作CLANNAD，译作经典，读作人生。 2024-08-17：四周目
10,最喜欢的动漫
10,想说的太多以至于无话可说
10,楽しい事は、これから始まりますよ
10,补标
7,（A+/S+），happy end的到来让我有些猝不及防，
10,这就是神作啊
9,CLANNAD
10,真神作，看就完了 反正我被爆小珍珠了˃̣̣̥᷄⌓˂̣̣̥᷅
7,小镇，逝去的时光与人。除开水平不算高的前八集，clas可谓是在催泪上做到了极致。沉重的生活常常压得我喘不过气，而当悲剧连环发生，压抑感达到了极点。已渐渐陌生的父亲、已远离自己的故人，和已慢慢沉沦的自我，三线汇在一起，拧成复杂纠缠的情绪。而当这些情绪一个个解开，一个个光玉汇成小小的愿望，带着逝去的时光回转，所有的美好重新浮现，一切都得到了最好的结局。他人的人生映照出我的影子，令人生发出无限的联想，感动于故事本身与自己的过往，不禁会热泪盈眶
10,看到一个父亲不闻不问亲身女儿五年，多少有点出生
6,其实催泪还是蛮催泪的，但是没真正打动我的心
7,一个下午看了十二集，擦眼泪用光了一抽纸
8,从家人的阴翳中走出，又重获亲情的救赎。
10,读作cl写作人生！
9,確實催人淚下，但離神作還是有些距離
10,在不同的人生阶段看clannad会有不同的体会，在二十岁遇见它可能是我人生中的一个幸运时刻。
10,dangodango~
6,我爱的一部动画，一部漫画，一部游戏。动画clannad，漫画我推的孩子，游戏ATRI。
10,写作cl，读作人生，越早看越值得珍惜的神作。
10,据说结局很神，或许会补完吧。
10,我已经尽量让自己不去沉迷
9,经典之作
9,暂不评论
9,只看了开头与结尾，觉得有些不忍看的感觉
10,正在补
9,好看0.0
10,感觉自己的校园生活白过了
10,湿了N次
10,我真应该早点接触 CLANNAD，比起其它看过的动画，果然这样温暖明亮治愈风格的恋爱作品才是我最喜欢的。
10,各种人生诠释~不解释了
10,真正的人生从这里开始
10,看多少次都是这么催泪啊混蛋!
9,说是在看其实就是下载完了但是不想看=.=
10,看了一半，准备继续
9,一直没有勇气去看续作，也是神作级别的说。其实好像看到了7 8话了，嘛，重新来过吧
7,看在游戏的面子上给9分
8,没看完吐槽无力...
9,"オカサキ,不,渚,冥福."
8,泪流满面
8,DVD隐藏话来个后妈线吧～～
6,怎么说呢!去感动的流泪吧!
9,看一次哭一次，哭的地方只有厕所和爸爸的怀里，朋也也改变了，感动啊
6,当clas真的到了rank2，排行榜前列变动+情感系作品天然带来的争议，两种因素组合在一起，只会催生更多乐子人、cl厨、cl黑前来大混战。诚然排行榜一定做不到公正，但混乱更做不到。
9,短头发没有看的想法。
6,看到第五集
7,我不敢看这些刀子，因为看的已经够多了，只论作品就这个分了，工业制刀。不想说的很难听，分真的高得不正常了，可能都是公子哥不食人间烟火，或者说你只看动画片，兄弟你如果需要文艺作品来补充这种感觉很真实的情感，我建议你还可以去看看电影。如果不同意可以过十年了再回来评分
7,不太能感同身受，暂时不给分了
9,虐的标签太著名了，导致心态不稳的不敢看
9,新人只看过五级。。。
9,永远搁置
5,还是喜欢那朵花
6,当时哭累了 想着过几年再哭
9,神作 不过攒着先，不着急
7,每次看一半就搁置了。。
9,搁置了，嫌长…键子也是有我这种稍微理智一点的货的……
10,不敢看下去，怕哭
8,听说是神作？
8,下了，没动过
8,没看完OTL
6,比较怨念啊 没智代的after动画
6,看到第五集( ́_ゝ`)，实在看不下去了。为什么这样的作品会被称作神作啊？有几个点确实可以看看，但整一个看下来就很折磨，很无聊。剧情也很老套，尿点很多......  我坚持看了七个小时，本来是看到网评催泪的，结果感觉很一般吧，还是没坚持看下去。哦，这是我第二次看了，上次看十集就看不下去了。  所以谁来告诉我这部番看点在哪里？评分这么高的理由到底是什么啊？？？ ヽ(`Д´)ﾉ
1,真闹麻了
4,神作补完
1,键盘侠的“人生神作”
5,被安利来看，这画风完全无法接受，无论作为一个观看者还是画师的角度来说，同年代作品更好的画风有太多。剧情上当年的那种粗糙感和迷之走向（可能是gal改的原因吧），实在是无法接受，弃置。时代补正+1分
10,歌曲不讨厌、剧情没看过也肯定会被剧透过、与本人波长不合。
7,单纯的不想看
5,不行了，看完宫泽篇决定弃坑。太莫名其妙，人死了那么久，敌方居然一点不知道。听说出院，也不派人确认，直接就打过来。然后古河渚化身猪队友，面包放倒己方一大片。冈崎和佐佐木打了个两败俱伤，本来已经惺惺相惜，达成和解了，被放倒的那些人非得这时一起醒过来搞事，非得让宫泽妹妹挨一拳不可....总之，明明达成和解的方式有那么多，非得阴差阳错发展到最惨的地步。感觉就是刻意卖惨卖矫情，丝毫感觉不到第一季的温暖
7,虽然有深度，都是画风不自然，难接受
3,太虐。试着看了几次，看不下去
5,果然我不适合看催泪向T T
5,超垃圾。
6,受不了
10,第一季的单元剧人文味道很浓厚，并且笑面男主线的剧情也是异常的精彩，stand alone complex吗，无懈可击了
9,一部相当有趣且深刻的作品，少有的能把政治讲的这么好的片子。音乐优秀。前面的单元剧水平参差不齐，但总体有个8分的水平，ep10很喜欢，通过一个赛博疯子的疯狂作案和巴特“我的战争已经结束了“的对比展现了时代洪流下个人的抉择。笑面男的主线一波三折有反转（ep21素子扮演笑面男）有催泪（ep25塔奇克马自爆），ep25巴特壁咚少佐但是又没有真做处理的很好，看的真的很爽，少有的让我在部分情节看不懂的情况下还能有如此吸引力的好片。
10,神中神
9,烤串，得劲
7,跟政治与社会离不开关系 欣赏不来可以理解 对于我来说笑脸男的剧情不错单元的剧情来说还是算了 推荐跳集看
8,stand alone complex
8,顶尖的赛博朋克
9,和sac2一样的评价我就不搬过来了，总之硬实力确实顶中顶
10,8~9/看到最后还是有些纠结8或9的程度，很多地方还是有些不足的，但整体还是9吧/制作也太精良了（尤其和片头的3d对比）/塔奇克马能在不萌的形象基础上画出萌的感觉也是厉害（到中间发现垫的真到位）/叙事节奏相当舒服，主线支线结合的很好，不过有的地方有些强行不追究当谜语人之类的/
10,不如第二季，但也比其他动漫强
9,超时代的科幻作 深刻的思想映射当下
10,的确是真正的神作。
9,好看
10,二刷
9,实际单论质量sac1到不了现在这个位置，要比前十的大部分都要差，不过我也像3狮一样总体给分了。怎么说呢？神山从来没有拥有过自己的Ghost in the shell.神山功壳拥有更强的预言性质，彻底的后人类主义展望和一些较单一的后现代的思辨
9,唯一缺点是有点看不懂
10,完美。 人物刻画详实丰满，剧情完整，逻辑严密，节奏非常舒服，配乐与剧情和画面配合得恰到好处，主题深刻但不做作，不乱搞黑深残，当然也没有翻车。唯一的缺点是偶有人物作画崩坏。 位列bangumi前五，理所应当。
9,前面一个个事件 有些蛮有意思的 有些就挺无聊的 看番的动力挺受挫的 不能一口气连看好几集 最后几集的过程很不错 可结局真的一般了 为什么少佐的脸老崩啊
10,「STAND ALONE COMPLEX」，本片作为一部2002年的动画，很大程度上还是采用传统媒体（电视、报纸）叙事，但本片对互联网时代“去中心化”的预言与畅想，在今日看来仍然意味深长。“所谓戏剧 观众自己也是演出的一部分”，笑脸男的幽灵背后，被信息时代赋权的每个个体，都可以成为意义的生产者。前仆后继的模仿者，街头巷尾的logo，“连线世界”中的头脑风暴，构成了令人毛骨悚然的后现代奇观，“原型的不存在 创造出了没有原型的复制品”。//“要展示，不要告诉”，本片将这一剧本创作原则贯彻得淋漓尽致，往往依赖极高信息密度的对白，让观众去推理出而不是获得关于权力结构的信息。常常以恰到好处的留白，去讲述“故事背后的故事”。这种只能窥得冰山一角的叙事确实很有味道，不过有时容易使观众过于注意文本，而忽略影像本身的魅力。好在本片关键场合的影像调度，能够充分调动情绪。
10,stand alone complex
9,太喜欢草薙素子了，非常具有女性魅力。故事在动漫番剧里算比较晦涩硬核的了，很贴近现实，讽刺暗喻数不胜数，画风也是古早的写实画风，初看可能会觉得有些难以读懂，但一上瘾真是一集连着一集看，最后几集看的真的非常爽！
8,2022-06-14
9,伟大无需多言
9,优秀的戏剧常看常新。时至今日，一次次重温，依旧能瞥见作品对社会情绪的敏锐回应。经年累月地，有志于赛朋题材的创作者面对一个没有答案的问题：该如何看待个体永不可能战胜的绝望黑幕。相比于第二季对时代痛感的捕捉，笑脸男的塑造对我的触动无疑更多一些，一个溺于无力感的正直者，一个在巨大黑暗面前败退，堵上眼睛与耳朵的少年。无须质疑，这种抗争不公的义举成为寡头牟利工具的事无时无刻不在发生，倒不如说近代的亚文化浪潮兴衰史，就是一段又一段反抗者反被规训成商品的挽歌。攻壳的故事在这种迷茫的共感中前行，义者忠于礼义，政客终于政敌，正义的扳机也是政治倾轧的工具，药岛潦草的倒台下响彻的是无法抵达麦田的叹息，故事终究没有脱离理想主义与社会系统共存却龃龉的现实，这点是很难得的
10,这部作品想要表达的东西确实很有深度，但是并没有我想象中那么晦涩难懂以至于看不下去，相反这种讲犯罪的剧情反而很有意思。
8,让人佩服的文案质量，没有漏洞的逻辑细节，时不时惊喜小转折，完美女主，完美的默契团队
8,向那个时代致敬，怀念zmz的朋友们，看到这个榜上有名的感觉不错
9,在我看来并没有魅力
10,有些比较无聊有些有点意思
9,有相当多的内容让人难以想象这是 2002 年的作品。
10,果然我还是神山派多一点
10,依然是部经典科幻佳作。初看时，你可能会觉得内容晦涩、充满抽象讨论，但深入后你会发现它不仅仅是一部硬核科幻动画，更在讲述信息时代下个体身份与社会变革的故事。特别喜欢剧中草薙素子的果敢与神秘，有独特的女性魅力；而“笑脸男”的主线情节则感受到后现代社会中对传统伦理和个体认同危机的反思。 这部作品的信息密度很高，很多对白和留白都留给观众去推敲故事背后的故事。还采用传统媒体叙事手法，预言了互联网时代“去中心化”的未来，充满时代感。  当然，单元剧部分有些参差不齐，个别场景甚至出现人物作画崩坏的情况。但总体而言，无论是对后现代科技与伦理的探讨，还是对个人情感与社会变革的呈现，都让这部动画在2002年拍摄时就显得极具前瞻性和艺术魅力。对于喜欢思考、追求深度与美学的科幻迷来说，绝对是一部值得反复品味的作品
10,极具哲思与深度，还有很多预见性的内容
9,非常好看，越后面越好看，难以想象作者拥有这么细腻的心思和对社会现象的透彻，后劲很大。
8,独一无二的作品
10,二刷。